Date,Open,Open_,High,High_,Low,Low_,Close,CC,CO,Volume
20130102,97.6,,99.9,,97.1,,99.6,,2,14353
20130103,100.5,0.029713115,102,0.021021021,100,0.029866117,101,1.4,0.5,12616
20130104,100.5,0,101.5,-0.004901961,100,0,101.5,0.5,1,10276
20130107,101,0.004975124,101,-0.004926108,99.1,-0.009,100.5,-1,-0.5,9042
20130108,99.6,-0.013861386,100,-0.00990099,98.9,-0.002018163,99.7,-0.8,0.1,9463
20130109,100.5,0.009036145,100.5,0.005,99.2,0.003033367,100,0.3,-0.5,7616
20130110,99.9,-0.005970149,101,0.004975124,99.5,0.003024194,101,1,1.1,8304
20130111,101.5,0.016016016,101.5,0.004950495,100.5,0.010050251,101,0,-0.5,7982
20130114,101,-0.004926108,102,0.004926108,100,-0.004975124,102,1,1,6414
20130115,102,0.00990099,102,0,99.8,-0.002,100.5,-1.5,-1.5,10021
20130116,100.5,-0.014705882,100.5,-0.014705882,99.2,-0.006012024,99.2,-1.3,-1.3,8742
20130117,100.5,0,101,0.004975124,98.5,-0.007056452,99.3,0.1,-1.2,9034
20130118,101.5,0.009950249,101.5,0.004950495,100.5,0.020304569,101.5,2.2,0,11823
20130121,101,-0.004926108,101,-0.004926108,100,-0.004975124,100.5,-1,-0.5,5625
20130122,101,0,101,0,99.9,-0.001,101,0.5,0,5388
20130123,101.5,0.004950495,101.5,0.004950495,100,0.001001001,101,0,-0.5,7292
20130124,100,-0.014778325,100.5,-0.009852217,99.2,-0.008,99.9,-1.1,-0.1,8257
20130125,99.9,-0.001,99.9,-0.005970149,98,-0.012096774,99,-0.9,-0.9,11885
20130128,98.7,-0.012012012,99.5,-0.004004004,98.6,0.006122449,99.3,0.3,0.6,7200
20130129,100,0.013171226,101.5,0.020100503,99.7,0.011156187,101,1.7,1,12071
20130130,102,0.02,102,0.004926108,100.5,0.008024072,101.5,0.5,-0.5,6963
20130131,100.5,-0.014705882,101.5,-0.004901961,100,-0.004975124,101.5,0,1,6481
20130201,101.5,0.009950249,101.5,0,100.5,0.005,101.5,0,0,7596
20130204,102,0.004926108,103,0.014778325,102,0.014925373,103,1.5,1,10873
20130205,103,0.009803922,103,0,101.5,-0.004901961,103,0,0,5200
20130206,103.5,0.004854369,105,0.019417476,103,0.014778325,105,2,1.5,9340
20130218,107,0.033816425,108.5,0.033333333,106.5,0.033980583,107,2,0,13470
20130219,108.5,0.014018692,108.5,0,106.5,0,107,0,-1.5,6114
20130220,108.5,0,109.5,0.00921659,108,0.014084507,109,2,0.5,10171
20130221,108.5,0,108.5,-0.00913242,107,-0.009259259,107,-2,-1.5,7485
20130222,106,-0.023041475,106.5,-0.01843318,105,-0.018691589,105.5,-1.5,-0.5,10313
20130223,106.5,0.004716981,107.5,0.009389671,106,0.00952381,107,1.5,0.5,3022
20130225,106.5,0,107,-0.004651163,105,-0.009433962,105,-2,-1.5,8564
20130226,103.5,-0.028169014,105,-0.018691589,102.5,-0.023809524,103.5,-1.5,0,9572
20130227,102,-0.014492754,104.5,-0.004761905,101,-0.014634146,104.5,1,2.5,13654
20130301,103,0.009803922,105,0.004784689,102.5,0.014851485,105,0.5,2,9263
20130304,104.5,0.014563107,104.5,-0.004761905,101.5,-0.009756098,102,-3,-2.5,11896
20130305,103.5,-0.009569378,104,-0.004784689,102.5,0.009852217,104,2,0.5,9603
20130306,104,0.004830918,104.5,0.004807692,103,0.004878049,104,0,0,6844
20130307,103.5,-0.004807692,104,-0.004784689,103,0,103,-1,-0.5,6812
20130308,103,-0.004830918,104.5,0.004807692,102,-0.009708738,103.5,0.5,0.5,8598
20130311,102,-0.009708738,104,-0.004784689,102,0,102,-1.5,0,9071
20130312,102,0,103,-0.009615385,101.5,-0.004901961,102.5,0.5,0.5,6294
20130313,102.5,0.004901961,105,0.019417476,102,0.004926108,104.5,2,2,9978
20130314,104,0.014634146,104.5,-0.004761905,103,0.009803922,104,-0.5,0,7022
20130315,105,0.009615385,105,0.004784689,103,0,103,-1,-2,6030
20130318,102,-0.028571429,102,-0.028571429,100.5,-0.024271845,100.5,-2.5,-1.5,11128
20130319,101,-0.009803922,101.5,-0.004901961,99.6,-0.008955224,100,-0.5,-1,11099
20130320,99.5,-0.014851485,99.5,-0.019704433,98.8,-0.008032129,98.8,-1.2,-0.7,13861
20130321,98.8,-0.007035176,100.5,0.010050251,98.7,-0.001012146,98.7,-0.1,-0.1,13448
20130322,98.6,-0.002024291,99.1,-0.013930348,98,-0.007092199,98,-0.7,-0.6,12072
20130325,99.9,0.013184584,100.5,0.014127144,99.2,0.012244898,99.5,1.5,-0.4,7606
20130326,99.2,-0.007007007,99.4,-0.010945274,98.8,-0.004032258,99,-0.5,-0.2,8019
20130327,99,-0.002016129,100.5,0.011066398,98.8,0,100.5,1.5,1.5,7304
20130328,100,0.01010101,100.5,0,99.3,0.005060729,100,-0.5,0,7232
20130329,100,0,101,0.004975124,99.8,0.005035247,100.5,0.5,0.5,5024
20130401,101,0.01,102,0.00990099,100.5,0.007014028,101,0.5,0,4450
20130402,100.5,-0.004950495,101,-0.009803922,99.8,-0.006965174,100.5,-0.5,0,6500
20130403,101.5,0.009950249,101.5,0.004950495,100,0.002004008,100.5,0,-1,6886
20130408,99,-0.024630542,99.5,-0.019704433,98.5,-0.015,98.5,-2,-0.5,11496
20130409,98,-0.01010101,98.5,-0.010050251,97.5,-0.010152284,97.5,-1,-0.5,10389
20130410,98.8,0.008163265,98.8,0.003045685,97.7,0.002051282,98.3,0.8,-0.5,7197
20130411,99,0.002024291,101.5,0.027327935,98.8,0.011258956,101.5,3.2,2.5,12430
20130412,101.5,0.025252525,101.5,0,100,0.012145749,100.5,-1,-1,5602
20130415,100.5,-0.009852217,101,-0.004926108,99.1,-0.009,99.4,-1.1,-1.1,6275
20130416,98.2,-0.022885572,101,0,98.2,-0.009081736,100.5,1.1,2.3,8309
20130417,101.5,0.033604888,101.5,0.004950495,99.7,0.015274949,100,-0.5,-1.5,7663
20130418,100,-0.014778325,101,-0.004926108,99.4,-0.003009027,99.9,-0.1,-0.1,7209
20130419,105.5,0.055,106.5,0.054455446,105.5,0.061368209,106.5,6.6,1,15197
20130422,108.5,0.028436019,109.5,0.028169014,107.5,0.018957346,108.5,2,0,16146
20130423,106.5,-0.01843318,107.5,-0.01826484,105.5,-0.018604651,106,-2.5,-0.5,10405
20130424,106.5,0,107,-0.004651163,104.5,-0.009478673,106,0,-0.5,10908
20130425,106,-0.004694836,107,0,105.5,0.009569378,107,1,1,7044
20130426,107,0.009433962,109,0.018691589,107,0.014218009,108.5,1.5,1.5,11735
20130429,108.5,0.014018692,108.5,-0.004587156,107.5,0.004672897,108,-0.5,-0.5,6502
20130430,108.5,0,109.5,0.00921659,108.5,0.009302326,109.5,1.5,1,10732
20130502,110,0.013824885,111,0.01369863,109,0.004608295,110.5,1,0.5,10471
20130503,111.5,0.013636364,112.5,0.013513514,110,0.009174312,110,-0.5,-1.5,9832
20130506,111.5,0,111.5,-0.008888889,110.5,0.004545455,111.5,1.5,0,6706
20130507,112,0.004484305,113,0.013452915,111,0.004524887,112.5,1,0.5,7353
20130508,112.5,0.004464286,115,0.017699115,112.5,0.013513514,114.5,2,2,11870
20130509,116,0.031111111,116,0.008695652,114.5,0.017777778,115,0.5,-1,9101
20130510,115,-0.00862069,115,-0.00862069,113.5,-0.008733624,114.5,-0.5,-0.5,7521
20130513,115,0,115.5,0.004347826,114,0.004405286,114.5,0,-0.5,3993
20130514,115.5,0.004347826,116.5,0.008658009,115,0.00877193,115.5,1,0,7881
20130515,115,-0.004329004,116,-0.004291845,113.5,-0.013043478,115,-0.5,0,6849
20130516,115,0,116,0,113,-0.004405286,113.5,-1.5,-1.5,10033
20130517,112,-0.026086957,113.5,-0.021551724,111.5,-0.013274336,113.5,0,1.5,6145
20130520,112.5,0.004464286,114,0.004405286,112.5,0.00896861,114,0.5,1.5,4897
20130521,113,0.004444444,113.5,-0.004385965,112,-0.004444444,112.5,-1.5,-0.5,5038
20130522,112.5,-0.004424779,113.5,0,111,-0.008928571,112,-0.5,-0.5,8462
20130523,110.5,-0.017777778,111.5,-0.017621145,108,-0.027027027,108,-4,-2.5,12254
20130524,109.5,-0.009049774,110.5,-0.00896861,108.5,0.00462963,109.5,1.5,0,7786
20130527,109.5,0,112,0.013574661,109.5,0.00921659,112,2.5,2.5,6339
20130528,112,0.02283105,112.5,0.004464286,109.5,0,109.5,-2.5,-2.5,5944
20130529,110.5,-0.013392857,112,-0.004444444,110.5,0.00913242,111,1.5,0.5,4809
20130530,111,0.004524887,111.5,-0.004464286,109.5,-0.009049774,110,-1,-1,6534
20130531,111.5,0.004504505,111.5,0,109,-0.00456621,109.5,-0.5,-2,7620
20130603,108,-0.031390135,108.5,-0.02690583,106.5,-0.02293578,107.5,-2,-0.5,9111
20130604,109,0.009259259,110,0.013824885,107.5,0.009389671,109,1.5,0,6964
20130605,109.5,0.004587156,110.5,0.004545455,108.5,0.009302326,109.5,0.5,0,4331
20130606,108.5,-0.00913242,109.5,-0.009049774,107,-0.013824885,107.5,-2,-1,8225
20130607,108,-0.004608295,109.5,0,108,0.009345794,108.5,1,0.5,9288
20130610,110,0.018518519,110,0.00456621,108,0,108.5,0,-1.5,5544
20130611,110,0,110,0,108,0,108,-0.5,-2,7971
20130613,106,-0.036363636,107,-0.027272727,104,-0.037037037,104.5,-3.5,-1.5,15038
20130614,105,-0.009433962,106,-0.009345794,104.5,0.004807692,106,1.5,1,8686
20130617,105.5,0.004761905,106,0,105,0.004784689,106,0,0.5,7015
20130618,105,-0.004739336,106.5,0.004716981,104.5,-0.004761905,106.5,0.5,1.5,6753
20130619,106,0.00952381,106.5,0,105,0.004784689,105.5,-1,-0.5,5112
20130620,105,-0.009433962,105.5,-0.009389671,103.5,-0.014285714,104,-1.5,-1,8257
20130621,102,-0.028571429,103.5,-0.018957346,101.5,-0.019323671,103.5,-0.5,1.5,8632
20130624,102.5,0.004901961,102.5,-0.009661836,100,-0.014778325,101,-2.5,-1.5,12255
20130625,101,-0.014634146,103,0.004878049,101,0.01,101,0,0,8672
20130626,103,0.01980198,104,0.009708738,101.5,0.004950495,101.5,0.5,-1.5,12682
20130627,103,0,105,0.009615385,103,0.014778325,104.5,3,1.5,12441
20130628,106,0.029126214,111,0.057142857,105,0.019417476,111,6.5,5,15111
20130701,109,0.028301887,109.5,-0.013513514,108,0.028571429,108,-3,-1,14947
20130702,109,0,110,0.00456621,108.5,0.00462963,110,2,1,12114
20130703,107,-0.018348624,107,-0.027272727,105.5,-0.02764977,107,-3,0,11083
20130704,106.5,-0.004672897,107,0,106,0.004739336,107,0,0.5,7185
20130705,107.5,0.009389671,109.5,0.023364486,107,0.009433962,109,2,1.5,8054
20130708,107,-0.004651163,108,-0.01369863,104.5,-0.023364486,105,-4,-2,8927
20130709,104.5,-0.023364486,106.5,-0.013888889,103.5,-0.009569378,106,1,1.5,7985
20130710,104.5,0,107,0.004694836,104.5,0.009661836,106,0,1.5,6180
20130711,107.5,0.028708134,109.5,0.023364486,107.5,0.028708134,109.5,3.5,2,13597
20130712,109.5,0.018604651,110,0.00456621,108.5,0.009302326,110,0.5,0.5,8347
20130715,108.5,-0.00913242,109.5,-0.004545455,108,-0.004608295,109.5,-0.5,1,7527
20130716,108.5,0,109,-0.00456621,107,-0.009259259,108,-1.5,-0.5,7121
20130717,108,-0.004608295,109,0,107,0,109,1,1,7538
20130718,107.5,-0.00462963,108,-0.009174312,105.5,-0.014018692,105.5,-3.5,-2,10862
20130719,99.4,-0.075348837,99.7,-0.076851852,98.2,-0.069194313,98.2,-7.3,-1.2,33783
20130722,98,-0.014084507,98.4,-0.013039117,96.9,-0.013238289,97,-1.2,-1,23948
20130723,98.5,0.005102041,101.5,0.031504065,98.5,0.016511868,100,3,1.5,20652
20130724,100.5,0.020304569,103,0.014778325,100,0.015228426,102,2,1.5,13201
20130725,102,0.014925373,103.5,0.004854369,101,0.01,102.5,0.5,0.5,9555
20130726,103,0.009803922,103,-0.004830918,101,0,102.5,0,-0.5,7680
20130729,100,-0.029126214,101.5,-0.014563107,100,-0.00990099,100,-2.5,0,9559
20130730,100.5,0.005,102.5,0.009852217,100.5,0.005,102,2,1.5,8756
20130731,101.5,0.009950249,103,0.004878049,101,0.004975124,102.5,0.5,1,7128
20130801,102,0.004926108,102,-0.009708738,100,-0.00990099,100.5,-2,-1.5,7756
20130802,102.5,0.004901961,103,0.009803922,100,0,100.5,0,-2,7866
20130805,100,-0.024390244,101.5,-0.014563107,99.9,-0.001,100.5,0,0.5,6400
20130806,100.5,0.005,100.5,-0.009852217,98.6,-0.013013013,98.8,-1.7,-1.7,13012
20130807,98.5,-0.019900498,98.5,-0.019900498,97,-0.016227181,97,-1.8,-1.5,15082
20130808,96,-0.025380711,97.1,-0.014213198,95.3,-0.017525773,96.4,-0.6,0.4,14412
20130809,100,0.041666667,100,0.029866117,96.4,0.011542497,96.4,0,-3.6,13162
20130812,96.4,-0.036,96.7,-0.033,95.6,-0.008298755,96,-0.4,-0.4,10395
20130813,96,-0.004149378,97.4,0.007238883,96,0.0041841,97.2,1.2,1.2,9192
20130814,96,0,97.3,-0.001026694,95.8,-0.002083333,96.8,-0.4,0.8,9471
20130815,96.4,0.004166667,96.4,-0.009249743,95.3,-0.005219207,96,-0.8,-0.4,13251
20130816,95.4,-0.010373444,97.5,0.011410788,95.2,-0.001049318,96.5,0.5,1.1,11061
20130819,95.5,0.001048218,96.1,-0.014358974,95.3,0.00105042,95.5,-1,0,11661
20130820,95.2,-0.003141361,95.4,-0.007284079,94.4,-0.009443861,94.4,-1.1,-0.8,13924
20130822,93,-0.023109244,94.9,-0.00524109,92.9,-0.015889831,94.5,0.1,1.5,15238
20130823,95.7,0.029032258,97.3,0.025289779,95.5,0.027987083,97,2.5,1.3,12547
20130826,97.6,0.01985371,97.6,0.003083248,96.1,0.006282723,96.8,-0.2,-0.8,6745
20130827,96,-0.016393443,96.8,-0.008196721,95.6,-0.005202914,95.6,-1.2,-0.4,7827
20130828,95.6,-0.004166667,97.3,0.005165289,95.1,-0.005230126,96.8,1.2,1.2,10927
20130829,96.9,0.013598326,98.9,0.016443988,96.9,0.018927445,98.7,1.9,1.8,11284
20130830,99.6,0.027863777,100.5,0.016177958,98.8,0.019607843,100.5,1.8,0.9,11441
20130902,100,0.004016064,102,0.014925373,99.6,0.008097166,102,1.5,2,10416
20130903,103,0.03,103,0.009803922,101.5,0.019076305,102,0,-1,10651
20130904,100.5,-0.024271845,101.5,-0.014563107,100,-0.014778325,100.5,-1.5,0,8405
20130905,100.5,0,101.5,0,100,0,101.5,1,1,6991
20130906,102,0.014925373,102,0.004926108,101,0.01,102,0.5,0,6824
20130909,102.5,0.004901961,103,0.009803922,101,0,103,1,0.5,9300
20130910,103,0.004878049,104.5,0.014563107,102.5,0.014851485,104.5,1.5,1.5,10178
20130911,103,0,104.5,0,102.5,0,104.5,0,1.5,8961
20130912,103,0,104.5,0,103,0.004878049,103.5,-1,0.5,7435
20130913,102.5,-0.004854369,103,-0.014354067,102,-0.009708738,102.5,-1,0,6354
20130914,102.5,0,103.5,0.004854369,102,0,102.5,0,0,2440
20130916,104,0.014634146,105.5,0.019323671,104,0.019607843,105.5,3,1.5,12903
20130917,105.5,0.014423077,105.5,0,104.5,0.004807692,105.5,0,0,5644
20130918,105,-0.004739336,105.5,0,103,-0.014354067,103,-2.5,-2,5930
20130923,103,-0.019047619,106,0.004739336,102.5,-0.004854369,105.5,2.5,2.5,11435
20130924,105,0.019417476,105.5,-0.004716981,104,0.014634146,105,-0.5,0,6370
20130925,104.5,-0.004761905,104.5,-0.009478673,103,-0.009615385,103,-2,-1.5,9153
20130926,103.5,-0.009569378,103.5,-0.009569378,101.5,-0.014563107,101.5,-1.5,-2,5431
20130927,103.5,0,103.5,0,102,0.004926108,103,1.5,-0.5,5626
20130930,100.5,-0.028985507,102,-0.014492754,100,-0.019607843,100.5,-2.5,0,11263
20131001,100.5,0,102.5,0.004901961,100.5,0.005,101.5,1,1,5825
20131002,103.5,0.029850746,103.5,0.009756098,102,0.014925373,103,1.5,-0.5,5617
20131003,103.5,0,106,0.024154589,103,0.009803922,105,2,1.5,14268
20131004,104.5,0.009661836,105,-0.009433962,103.5,0.004854369,104,-1,-0.5,5554
20131007,103.5,-0.009569378,104,-0.00952381,102,-0.014492754,103,-1,-0.5,5290
20131008,103.5,0,105.5,0.014423077,103,0.009803922,105,2,1.5,5955
20131009,104,0.004830918,105.5,0,103,0,105,0,1,5570
20131011,105,0.009615385,107.5,0.018957346,105,0.019417476,106.5,1.5,1.5,14696
20131014,106.5,0.014285714,106.5,-0.009302326,105,0,105,-1.5,-1.5,5172
20131015,106.5,0,107,0.004694836,106,0.00952381,107,2,0.5,5043
20131016,108,0.014084507,108,0.009345794,106,0,106,-1,-2,5610
20131017,107.5,-0.00462963,108,0,107,0.009433962,107,1,-0.5,7058
20131018,108.5,0.009302326,110,0.018518519,108.5,0.014018692,110,3,1.5,16771
20131021,111,0.023041475,111.5,0.013636364,109.5,0.00921659,110,0,-1,9241
20131022,110,-0.009009009,111.5,0,109.5,0,111.5,1.5,1.5,8828
20131023,111,0.009090909,111.5,0,110,0.00456621,111,-0.5,0,5675
20131024,109,-0.018018018,110,-0.013452915,108.5,-0.013636364,110,-1,1,7246
20131025,108.5,-0.004587156,109,-0.009090909,106.5,-0.01843318,107,-3,-1.5,11658
20131028,108,-0.004608295,109.5,0.004587156,107.5,0.009389671,109.5,2.5,1.5,5634
20131029,108.5,0.00462963,109.5,0,108,0.004651163,109.5,0,1,4061
20131030,109,0.004608295,110,0.00456621,109,0.009259259,110,0.5,1,4443
20131031,108.5,-0.004587156,109.5,-0.004545455,108,-0.009174312,109.5,-0.5,1,4626
20131101,110.5,0.01843318,110.5,0.00913242,108.5,0.00462963,109.5,0,-1,3795
20131104,108,-0.022624434,109,-0.013574661,108,-0.004608295,109,-0.5,1,4622
20131105,108.5,0.00462963,109,0,106.5,-0.013888889,106.5,-2.5,-2,6414
20131106,106.5,-0.01843318,107.5,-0.013761468,106.5,0,107,0.5,0.5,7155
20131107,107,0.004694836,107.5,0,106,-0.004694836,107,0,0,5026
20131108,105,-0.018691589,106.5,-0.009302326,105,-0.009433962,106,-1,1,7421
20131111,105,0,106,-0.004694836,104.5,-0.004761905,104.5,-1.5,-0.5,8709
20131112,106,0.00952381,106,0,104.5,0,105,0.5,-1,6868
20131113,105,-0.009433962,105,-0.009433962,103,-0.014354067,103,-2,-2,8182
20131114,104,-0.00952381,104.5,-0.004761905,103.5,0.004854369,103.5,0.5,-0.5,7251
20131115,103.5,-0.004807692,104.5,0,103.5,0,104,0.5,0.5,5083
20131118,104.5,0.009661836,105,0.004784689,104,0.004830918,104,0,-0.5,6957
20131119,104.5,0,105.5,0.004761905,104,0,105,1,0.5,8014
20131120,104,-0.004784689,104,-0.014218009,102.5,-0.014423077,103,-2,-1,10990
20131121,102,-0.019230769,103,-0.009615385,100.5,-0.019512195,101,-2,-1,14431
20131122,100,-0.019607843,101.5,-0.014563107,100,-0.004975124,100,-1,0,13182
20131125,101,0.01,102.5,0.009852217,101,0.01,101,1,0,7929
20131126,102,0.00990099,105,0.024390244,101.5,0.004950495,103.5,2.5,1.5,11490
20131127,105,0.029411765,105.5,0.004761905,104.5,0.02955665,105,1.5,0,6528
20131128,105,0,105.5,0,104.5,0,105,0,0,6169
20131129,104.5,-0.004761905,105,-0.004739336,104,-0.004784689,105,0,0.5,5923
20131202,105,0.004784689,105.5,0.004761905,104,0,104.5,-0.5,-0.5,4418
20131203,104,-0.00952381,105,-0.004739336,103.5,-0.004807692,104,-0.5,0,4779
20131204,103.5,-0.004807692,105.5,0.004761905,103.5,0,105,1,1.5,5304
20131205,105,0.014492754,105,-0.004739336,103.5,0,104,-1,-1,5844
20131206,103,-0.019047619,104.5,-0.004761905,103,-0.004830918,103,-1,0,5835
20131209,104,0.009708738,105,0.004784689,104,0.009708738,105,2,1,5324
20131210,104.5,0.004807692,105,0,104,0,104,-1,-0.5,4643
20131211,103.5,-0.009569378,105,0,103.5,-0.004807692,105,1,1.5,7385
20131212,104.5,0.009661836,104.5,-0.004761905,103,-0.004830918,103,-2,-1.5,5445
20131213,102.5,-0.019138756,103.5,-0.009569378,102.5,-0.004854369,102.5,-0.5,0,7034
20131216,102.5,0,103,-0.004830918,102,-0.004878049,102,-0.5,-0.5,6032
20131217,103,0.004878049,104.5,0.014563107,103,0.009803922,103.5,1.5,0.5,6356
20131218,102.5,-0.004854369,103,-0.014354067,101,-0.019417476,101,-2.5,-1.5,15072
20131219,102,-0.004878049,103,0,101.5,0.004950495,102.5,1.5,0.5,6192
20131220,101.5,-0.004901961,103.5,0.004854369,101.5,0,102,-0.5,0.5,8353
20131223,103,0.014778325,104.5,0.009661836,103,0.014778325,104,2,1,6994
20131224,104,0.009708738,104,-0.004784689,103,0,103,-1,-1,3724
20131225,102.5,-0.014423077,103.5,-0.004807692,102.5,-0.004854369,103,0,0.5,2848
20131226,103,0.004878049,104,0.004830918,103,0.004878049,104,1,1,1135
20131227,103.5,0.004854369,104.5,0.004807692,103,0,104.5,0.5,1,5626
20131230,104,0.004830918,106,0.014354067,104,0.009708738,106,1.5,2,10564
20131231,105.5,0.014423077,106,0,105,0.009615385,105.5,-0.5,0,6632
20140102,105,-0.004739336,105.5,-0.004716981,103.5,-0.014285714,104.5,-1,-0.5,4136
20140103,103,-0.019047619,103,-0.023696682,102,-0.014492754,102.5,-2,-0.5,8524
20140106,102,-0.009708738,103,0,102,0,102.5,0,0.5,4874
20140107,102.5,0.004901961,103,0,102,0,102,-0.5,-0.5,5529
20140108,103,0.004878049,104.5,0.014563107,102.5,0.004901961,104,2,1,7305
20140109,102.5,-0.004854369,103,-0.014354067,100.5,-0.019512195,101,-3,-1.5,19873
20140110,102,-0.004878049,102.5,-0.004854369,101.5,0.009950249,102,1,0,7619
20140113,103,0.009803922,103.5,0.009756098,102.5,0.009852217,103,1,0,6282
20140114,102.5,-0.004854369,103.5,0,102,-0.004878049,103.5,0.5,1,5256
20140115,104,0.014634146,106,0.024154589,104,0.019607843,105,1.5,1,15415
20140116,106,0.019230769,107.5,0.014150943,106,0.019230769,107,2,1,16279
20140117,108,0.018867925,108.5,0.009302326,107,0.009433962,107.5,0.5,-0.5,15038
20140120,107,-0.009259259,108.5,0,107,0,107.5,0,0.5,8533
20140121,108.5,0.014018692,108.5,0,106,-0.009345794,106.5,-1,-2,6334
20140122,106,-0.023041475,107.5,-0.00921659,106,0,107.5,1,1.5,7549
20140123,108.5,0.023584906,108.5,0.009302326,107.5,0.014150943,107.5,0,-1,7461
20140124,107,-0.013824885,108.5,0,107,-0.004651163,108,0.5,1,8172
20140127,106,-0.009345794,106.5,-0.01843318,104,-0.028037383,105,-3,-1,17118
20140205,102,-0.037735849,102,-0.042253521,100.5,-0.033653846,100.5,-4.5,-1.5,37866
20140206,101,-0.009803922,103,0.009803922,101,0.004975124,102,1.5,1,16321
20140207,103.5,0.024752475,104.5,0.014563107,103,0.01980198,104,2,0.5,14854
20140210,104,0.004830918,104.5,0,103,0,103,-1,-1,7897
20140211,104.5,0.004807692,105,0.004784689,104,0.009708738,104.5,1.5,0,6947
20140212,105,0.004784689,105.5,0.004761905,104.5,0.004807692,105,0.5,0,7138
20140213,105,0,106,0.004739336,105,0.004784689,105,0,0,5781
20140214,106.5,0.014285714,107.5,0.014150943,106.5,0.014285714,107.5,2.5,1,14580
20140217,108,0.014084507,108.5,0.009302326,107.5,0.009389671,108.5,1,0.5,11664
20140218,108.5,0.00462963,108.5,0,107.5,0,108,-0.5,-0.5,5778
20140219,108,-0.004608295,108,-0.004608295,107,-0.004651163,108,0,0,7006
20140220,106.5,-0.013888889,107,-0.009259259,106,-0.009345794,106.5,-1.5,0,6646
20140221,107,0.004694836,107.5,0.004672897,107,0.009433962,107.5,1,0.5,7819
20140224,107.5,0.004672897,108,0.004651163,106,-0.009345794,107,-0.5,-0.5,6992
20140225,107.5,0,108,0,106.5,0.004716981,108,1,0.5,6570
20140226,107.5,0,108,0,107,0.004694836,107.5,-0.5,0,5182
20140227,107.5,0,108,0,107.5,0.004672897,108,0.5,0.5,7531
20140303,108,0.004651163,108,0,106.5,-0.009302326,108,0,0,10046
20140304,108,0,108,0,107.5,0.009389671,107.5,-0.5,-0.5,9493
20140305,108.5,0.00462963,110,0.018518519,108.5,0.009302326,110,2.5,1.5,16511
20140306,110,0.013824885,113.5,0.031818182,110,0.013824885,113,3,3,18144
20140307,114,0.036363636,115,0.013215859,113.5,0.031818182,114.5,1.5,0.5,17219
20140310,114.5,0.004385965,114.5,-0.004347826,112.5,-0.008810573,113,-1.5,-1.5,9237
20140311,113.5,-0.008733624,114.5,0,113.5,0.008888889,114,1,0.5,9133
20140312,112.5,-0.008810573,113,-0.013100437,112,-0.013215859,113,-1,0.5,5218
20140313,116.5,0.035555556,117.5,0.039823009,115.5,0.03125,116.5,3.5,0,16969
20140314,115,-0.012875536,115.5,-0.017021277,114,-0.012987013,115,-1.5,0,12132
20140317,114.5,-0.004347826,115,-0.004329004,113,-0.00877193,114,-1,-0.5,8995
20140318,114.5,0,115,0,113.5,0.004424779,114.5,0.5,0,7396
20140319,114.5,0,115,0,113.5,0,114.5,0,0,6589
20140320,113,-0.013100437,113.5,-0.013043478,112,-0.013215859,112,-2.5,-1,13078
20140321,114,0.008849558,114,0.004405286,112,0,112.5,0.5,-1.5,7294
20140324,111.5,-0.021929825,112.5,-0.013157895,111.5,-0.004464286,112.5,0,1,7098
20140325,111.5,0,113.5,0.008888889,111.5,0,113.5,1,2,6933
20140326,115.5,0.035874439,116,0.022026432,114.5,0.02690583,115.5,2,0,12860
20140327,114.5,-0.008658009,116,0,114,-0.004366812,116,0.5,1.5,8641
20140328,116,0.013100437,117.5,0.012931034,115.5,0.013157895,117.5,1.5,1.5,12521
20140331,118,0.017241379,118.5,0.008510638,116.5,0.008658009,118.5,1,0.5,8839
20140401,119,0.008474576,119.5,0.008438819,118.5,0.017167382,119.5,1,0.5,12571
20140402,120.5,0.012605042,121,0.012552301,119,0.004219409,120,0.5,-0.5,9400
20140403,118.5,-0.01659751,119,-0.016528926,117.5,-0.012605042,118.5,-1.5,0,10198
20140407,117.5,-0.008438819,118,-0.008403361,116.5,-0.008510638,117.5,-1,0,11316
20140408,117,-0.004255319,119.5,0.012711864,117,0.004291845,119,1.5,2,9396
20140409,119.5,0.021367521,120,0.0041841,119,0.017094017,119,0,-0.5,8284
20140410,119,-0.0041841,119.5,-0.004166667,118.5,-0.004201681,119.5,0.5,0.5,7229
20140411,118.5,-0.004201681,120,0.0041841,118,-0.004219409,120,0.5,1.5,7639
20140414,120,0.012658228,121,0.008333333,120,0.016949153,120.5,0.5,0.5,8739
20140415,121.5,0.0125,122.5,0.012396694,121,0.008333333,122.5,2,1,9839
20140416,121.5,0,122.5,0,121,0,121,-1.5,-0.5,10989
20140417,120.5,-0.008230453,121.5,-0.008163265,119,-0.016528926,120,-1,-0.5,9152
20140418,122.5,0.01659751,123,0.012345679,121,0.016806723,123,3,0.5,9515
20140421,122,-0.004081633,122,-0.008130081,121,0,121.5,-1.5,-0.5,5868
20140422,121,-0.008196721,122.5,0.004098361,120.5,-0.004132231,121.5,0,0.5,5886
20140423,123,0.016528926,123,0.004081633,120.5,0,121,-0.5,-2,8145
20140424,121,-0.016260163,121,-0.016260163,120,-0.004149378,121,0,0,6289
20140425,121,0,121,0,118,-0.016666667,118.5,-2.5,-2.5,11457
20140428,118.5,-0.020661157,120,-0.008264463,117.5,-0.004237288,119,0.5,0.5,7030
20140429,120.5,0.016877637,121,0.008333333,119,0.012765957,120.5,1.5,0,4991
20140430,120,-0.004149378,120.5,-0.004132231,117,-0.016806723,118.5,-2,-1.5,9169
20140502,119,-0.008333333,119.5,-0.008298755,117,0,118,-0.5,-1,9573
20140505,117.5,-0.012605042,118,-0.012552301,116,-0.008547009,117,-1,-0.5,8961
20140506,117,-0.004255319,119,0.008474576,116.5,0.004310345,118,1,1,5217
20140507,118,0.008547009,119,0,117.5,0.008583691,118.5,0.5,0.5,6945
20140508,119.5,0.012711864,120,0.008403361,119,0.012765957,119.5,1,0,5599
20140509,120,0.0041841,120,0,119,0,120,0.5,0,6405
20140512,119.5,-0.004166667,120,0,117.5,-0.012605042,118.5,-1.5,-1,6664
20140513,120,0.0041841,121,0.008333333,119.5,0.017021277,120.5,2,0.5,7767
20140514,121,0.008333333,122,0.008264463,120.5,0.008368201,122,1.5,1,9719
20140515,121,0,122,0,120.5,0,122,0,1,5040
20140516,122,0.008264463,123,0.008196721,121,0.004149378,122,0,0,7047
20140519,122,0,122.5,-0.004065041,121,0,121,-1,-1,5325
20140520,122,0,122,-0.004081633,121,0,121,0,-1,7109
20140521,122,0,122,0,120.5,-0.004132231,120.5,-0.5,-1.5,6337
20140522,121.5,-0.004098361,122,0,121,0.004149378,122,1.5,0.5,5227
20140523,121,-0.004115226,122.5,0.004098361,121,0,122,0,1,6260
20140526,123,0.016528926,123.5,0.008163265,122,0.008264463,123,1,0,7319
20140527,122.5,-0.004065041,124,0.004048583,122.5,0.004098361,123.5,0.5,1,6092
20140528,124,0.012244898,124,0,122.5,0,124,0.5,0,8443
20140529,123.5,-0.004032258,124,0,121.5,-0.008163265,122,-2,-1.5,9131
20140530,122,-0.012145749,122.5,-0.012096774,119.5,-0.016460905,119.5,-2.5,-2.5,10342
20140603,120,-0.016393443,122.5,0,120,0.0041841,122.5,3,2.5,10640
20140604,123.5,0.029166667,124,0.012244898,123,0.025,123.5,1,0,8162
20140605,123,-0.004048583,123.5,-0.004032258,121.5,-0.012195122,123,-0.5,0,4842
20140606,123.5,0.004065041,123.5,0,122,0.004115226,122.5,-0.5,-1,4910
20140609,122.5,-0.008097166,123.5,0,122.5,0.004098361,123,0.5,0.5,5157
20140610,123,0.004081633,124.5,0.008097166,122.5,0,124.5,1.5,1.5,6557
20140611,124,0.008130081,125,0.004016064,123.5,0.008163265,125,0.5,1,6589
20140612,124,0,124,-0.008,123,-0.004048583,123.5,-1.5,-0.5,5812
20140613,123,-0.008064516,123.5,-0.004032258,122.5,-0.004065041,123,-0.5,0,4424
20140616,122.5,-0.004065041,124,0.004048583,122.5,0,124,1,1.5,5010
20140617,124,0.012244898,125,0.008064516,123,0.004081633,125,1,1,6971
20140618,125,0.008064516,126.5,0.012,124,0.008130081,125.5,0.5,0.5,8642
20140619,124.5,-0.004,126,-0.003952569,124.5,0.004032258,126,0.5,1.5,5043
20140620,126.5,0.016064257,127,0.007936508,124,-0.004016064,124.5,-1.5,-2,5267
20140623,125,-0.011857708,125.5,-0.011811024,123,-0.008064516,123,-1.5,-2,6320
20140624,123,-0.016,123.5,-0.015936255,122,-0.008130081,123,0,0,8507
20140625,123,0,124.5,0.008097166,123,0.008196721,123.5,0.5,0.5,7395
20140626,124.5,0.012195122,125,0.004016064,123.5,0.004065041,124.5,1,0,5578
20140627,125,0.004016064,126.5,0.012,124,0.004048583,125.5,1,0.5,9021
20140630,126,0.008,127,0.003952569,125,0.008064516,126.5,1,0.5,7469
20140701,126.5,0.003968254,128.5,0.011811024,126,0.008,128,1.5,1.5,7806
20140702,129.5,0.023715415,132.5,0.031128405,129,0.023809524,132.5,4.5,3,13133
20140703,131.5,0.015444015,135,0.018867925,130.5,0.011627907,134.5,2,3,12822
20140704,133.5,0.015209125,136,0.007407407,132,0.011494253,135,0.5,1.5,13513
20140707,134.5,0.007490637,136,0,132.5,0.003787879,136,1,1.5,10456
20140708,135.5,0.007434944,136,0,134,0.011320755,134.5,-1.5,-1,7852
20140709,133.5,-0.014760148,135,-0.007352941,133.5,-0.003731343,134,-0.5,0.5,10775
20140710,134.5,0.007490637,136,0.007407407,134.5,0.007490637,134.5,0.5,0,9008
20140711,136,0.011152416,138,0.014705882,135.5,0.007434944,136.5,2,0.5,11824
20140714,134.5,-0.011029412,134.5,-0.025362319,132.5,-0.022140221,132.5,-4,-2,14589
20140715,133,-0.011152416,134,-0.003717472,132.5,0,133,0.5,0,8483
20140716,133,0,133.5,-0.003731343,130,-0.018867925,130.5,-2.5,-2.5,10001
20140717,125,-0.060150376,125.5,-0.059925094,123,-0.053846154,124.5,-6,-0.5,34866
20140718,121.5,-0.028,124,-0.011952191,121.5,-0.012195122,123.5,-1,2,21786
20140721,124,0.020576132,124.5,0.004032258,122.5,0.008230453,123.5,0,-0.5,15070
20140722,123.5,-0.004032258,125,0.004016064,122.5,0,124.5,1,1,12061
20140724,124.5,0.008097166,125,0,124,0.012244898,125,0.5,0.5,12534
20140725,124.5,0,125,0,122.5,-0.012096774,123,-2,-1.5,11359
20140728,122,-0.020080321,122.5,-0.02,121,-0.012244898,121.5,-1.5,-0.5,13121
20140729,122.5,0.004098361,124,0.012244898,122,0.008264463,124,2.5,1.5,11381
20140730,123.5,0.008163265,125,0.008064516,123,0.008196721,124.5,0.5,1,7029
20140731,124,0.004048583,124,-0.008,121,-0.016260163,121,-3.5,-3,13163
20140801,120,-0.032258065,121,-0.024193548,119.5,-0.012396694,120,-1,0,13006
20140804,120,0,123.5,0.020661157,120,0.0041841,123.5,3.5,3.5,8471
20140805,122.5,0.020833333,122.5,-0.008097166,119.5,-0.004166667,119.5,-4,-3,15190
20140806,119,-0.028571429,121.5,-0.008163265,119,-0.0041841,120.5,1,1.5,9762
20140807,120.5,0.012605042,121.5,0,119.5,0.004201681,121.5,1,1,8143
20140808,120.5,0,121,-0.004115226,119.5,0,120.5,-1,0,7307
20140811,120,-0.004149378,121,0,119.5,0,120.5,0,0.5,10623
20140812,121,0.008333333,122,0.008264463,120.5,0.008368201,121.5,1,0.5,7524
20140813,121,0,123.5,0.012295082,120.5,0,122.5,1,1.5,8735
20140814,123.5,0.020661157,124,0.004048583,123,0.020746888,124,1.5,0.5,9499
20140815,124.5,0.008097166,125,0.008064516,123,0,124,0,-0.5,4823
20140818,124,-0.004016064,124,-0.008,122.5,-0.004065041,123,-1,-1,3958
20140819,124,0,125,0.008064516,123.5,0.008163265,124,1,0,8062
20140820,125,0.008064516,125.5,0.004,124.5,0.008097166,125.5,1.5,0.5,9137
20140821,126,0.008,126,0.003984064,124,-0.004016064,124.5,-1,-1.5,7165
20140822,124.5,-0.011904762,126,0,123.5,-0.004032258,125.5,1,1,10719
20140825,125.5,0.008032129,126,0,125,0.012145749,125,-0.5,-0.5,5152
20140826,125,-0.003984064,125.5,-0.003968254,124,-0.008,124.5,-0.5,-0.5,6140
20140827,125.5,0.004,126,0.003984064,124.5,0.004032258,125.5,1,0,8829
20140828,126,0.003984064,126,0,124.5,0,125,-0.5,-1,5251
20140829,124.5,-0.011904762,125,-0.007936508,124,-0.004016064,124,-1,-0.5,4468
20140901,125,0.004016064,128.5,0.028,125,0.008064516,128.5,4.5,3.5,13072
20140902,128,0.024,128,-0.003891051,125.5,0.004,126,-2.5,-2,6797
20140903,127,-0.0078125,128,0,125.5,0,128,2,1,7148
20140904,128,0.007874016,128,0,126,0.003984064,127.5,-0.5,-0.5,6492
20140905,128.5,0.00390625,128.5,0.00390625,125.5,-0.003968254,127,-0.5,-1.5,6377
20140909,127.5,-0.007782101,127.5,-0.007782101,126.5,0.007968127,127,0,-0.5,5122
20140910,126,-0.011764706,126,-0.011764706,124,-0.019762846,125,-2,-1,9929
20140911,126,0,126,0,125,0.008064516,125,0,-1,9292
20140912,124.5,-0.011904762,125,-0.007936508,123,-0.016,123,-2,-1.5,7012
20140915,122.5,-0.016064257,123.5,-0.012,122,-0.008130081,123.5,0.5,1,5926
20140916,123,0.004081633,123,-0.004048583,122,0,122.5,-1,-0.5,4550
20140917,123.5,0.004065041,125,0.016260163,123,0.008196721,124.5,2,1,6056
20140918,124.5,0.008097166,125,0,123.5,0.004065041,125,0.5,0.5,3768
20140919,125.5,0.008032129,126,0.008,125,0.012145749,125,0,-0.5,6541
20140922,124,-0.011952191,124,-0.015873016,122,-0.024,122,-3,-2,12386
20140923,123,-0.008064516,123.5,-0.004032258,122,0,122.5,0.5,-0.5,4520
20140924,122,-0.008130081,124,0.004048583,122,0,123,0.5,1,8362
20140925,123,0.008196721,124,0,121.5,-0.004098361,122,-1,-1,7472
20140926,121,-0.016260163,121.5,-0.02016129,120.5,-0.008230453,121,-1,0,7565
20140929,122,0.008264463,122,0.004115226,120,-0.004149378,120.5,-0.5,-1.5,8787
20140930,120,-0.016393443,121,-0.008196721,119,-0.008333333,120,-0.5,0,10098
20141001,120,0,122,0.008264463,120,0.008403361,121.5,1.5,1.5,10354
20141002,121,0.008333333,122.5,0.004098361,120.5,0.004166667,121,-0.5,0,7962
20141003,122.5,0.012396694,125,0.020408163,122,0.012448133,124.5,3.5,2,13294
20141006,125,0.020408163,126,0.008,124,0.016393443,126,1.5,1,8484
20141007,125,0,125.5,-0.003968254,123.5,-0.004032258,125,-1,0,9286
20141008,123.5,-0.012,125,-0.003984064,122.5,-0.008097166,122.5,-2.5,-1,7052
20141009,124,0.004048583,125,0,123.5,0.008163265,125,2.5,1,8511
20141013,119,-0.040322581,121.5,-0.028,118,-0.044534413,120.5,-4.5,1.5,17422
20141014,120,0.008403361,121.5,0,119.5,0.012711864,121,0.5,1,7721
20141015,121.5,0.0125,123,0.012345679,121,0.012552301,121.5,0.5,0,8865
20141016,121.5,0,124,0.008130081,120,-0.008264463,121.5,0,0,10408
20141017,125,0.028806584,125.5,0.012096774,123.5,0.029166667,123.5,2,-1.5,17100
20141020,125,0,126,0.003984064,124.5,0.008097166,126,2.5,1,10285
20141021,126,0.008,126,0,124.5,0,125,-1,-1,5980
20141022,127.5,0.011904762,129,0.023809524,127.5,0.024096386,129,4,1.5,18767
20141023,128,0.003921569,128.5,-0.003875969,127.5,0,127.5,-1.5,-0.5,7546
20141024,127,-0.0078125,127.5,-0.007782101,125,-0.019607843,125.5,-2,-1.5,11207
20141027,126.5,-0.003937008,128,0.003921569,126.5,0.012,128,2.5,1.5,6666
20141028,129,0.019762846,129.5,0.01171875,127.5,0.007905138,128,0,-1,9193
20141029,129,0,129.5,0,128,0.003921569,129,1,0,9425
20141030,128.5,-0.003875969,129,-0.003861004,127,-0.0078125,128.5,-0.5,0,6368
20141031,128,-0.003891051,130.5,0.011627907,127.5,0.003937008,130.5,2,2.5,8496
20141103,132,0.03125,132.5,0.01532567,130.5,0.023529412,131,0.5,-1,9263
20141104,132,0,132,-0.003773585,131,0.003831418,132,1,0,8649
20141105,131.5,-0.003787879,132,0,131,0,132,0,0.5,6894
20141106,132.5,0.007604563,132.5,0.003787879,131.5,0.003816794,132,0,-0.5,7600
20141107,131.5,-0.00754717,131.5,-0.00754717,130.5,-0.007604563,131,-1,-0.5,4984
20141110,132.5,0.007604563,134.5,0.022813688,132,0.011494253,134.5,3.5,2,14569
20141111,135,0.018867925,135,0.003717472,133,0.007575758,134,-0.5,-1,7515
20141112,134.5,-0.003703704,134.5,-0.003703704,131.5,-0.011278195,132,-2,-2.5,7901
20141113,133.5,-0.007434944,134.5,0,132.5,0.007604563,134,2,0.5,6661
20141114,134,0.003745318,135,0.003717472,133.5,0.00754717,135,1,1,6351
20141117,135,0.007462687,135.5,0.003703704,132.5,-0.007490637,133,-2,-2,6380
20141118,134,-0.007407407,134.5,-0.007380074,131,-0.011320755,131.5,-1.5,-2.5,7505
20141119,133,-0.007462687,136.5,0.014869888,132.5,0.011450382,136,4.5,3,16907
20141120,137.5,0.033834586,139,0.018315018,137,0.033962264,139,3,1.5,14450
20141121,139.5,0.014545455,139.5,0.003597122,137.5,0.003649635,138.5,-0.5,-1,10190
20141124,140,0.003584229,140.5,0.007168459,138,0.003636364,138.5,0,-1.5,9025
20141125,138.5,-0.010714286,140,-0.003558719,138.5,0.003623188,139,0.5,0.5,9531
20141126,138.5,0,139,-0.007142857,138,-0.003610108,139,0,0.5,5372
20141127,140,0.010830325,142,0.021582734,140,0.014492754,140,1,0,9496
20141128,139,-0.007142857,141.5,-0.003521127,139,-0.007142857,141.5,1.5,2.5,9303
20141201,139,0,142,0.003533569,138.5,-0.003597122,140,-1.5,1,10157
20141202,139.5,0.003597122,139.5,-0.017605634,137.5,-0.007220217,137.5,-2.5,-2,10491
20141203,137.5,-0.014336918,139,-0.003584229,136.5,-0.007272727,138,0.5,0.5,8120
20141204,139,0.010909091,140,0.007194245,138.5,0.014652015,139,1,0,5776
20141205,138.5,-0.003597122,139.5,-0.003571429,137,-0.010830325,137.5,-1.5,-1,9981
20141208,138,-0.003610108,138.5,-0.007168459,137,0,138,0.5,0,6184
20141209,138,0,139,0.003610108,137.5,0.003649635,138,0,0,6676
20141210,138,0,139,0,136,-0.010909091,136,-2,-2,10748
20141211,135,-0.02173913,136,-0.021582734,134.5,-0.011029412,134.5,-1.5,-0.5,9443
20141212,135,0,136,0,134.5,0,135,0.5,0,7465
20141215,134.5,-0.003703704,136.5,0.003676471,134.5,0,136,1,1.5,8533
20141216,134.5,0,135.5,-0.007326007,133,-0.011152416,133,-3,-1.5,10345
20141217,133,-0.011152416,133,-0.018450185,130,-0.022556391,130.5,-2.5,-2.5,18863
20141218,132,-0.007518797,133,0,131,0.007692308,131.5,1,-0.5,11210
20141219,134.5,0.018939394,138,0.037593985,134,0.022900763,138,6.5,3.5,15558
20141222,137.5,0.022304833,140,0.014492754,137,0.02238806,138.5,0.5,1,9339
20141223,139,0.010909091,140,0,137,0,137.5,-1,-1.5,6678
20141224,136,-0.021582734,138,-0.014285714,136,-0.00729927,138,0.5,2,4405
20141225,137,0.007352941,138,0,137,0.007352941,137.5,-0.5,0.5,1860
20141226,138,0.00729927,139,0.007246377,137,0,139,1.5,1,3404
20141227,139,0.007246377,139,0,137.5,0.003649635,138.5,-0.5,-0.5,1195
20141229,138,-0.007194245,141,0.014388489,138,0.003636364,141,2.5,3,11085
20141230,141,0.02173913,141.5,0.003546099,139,0.007246377,140,-1,-1,7579
20141231,139,-0.014184397,141,-0.003533569,139,0,141,1,2,5953
20150105,140.5,0.010791367,140.5,-0.003546099,137.5,-0.010791367,139.5,-1.5,-1,9377
20150106,137.5,-0.021352313,137.5,-0.021352313,133,-0.032727273,133.5,-6,-4,26240
20150107,133.5,-0.029090909,135,-0.018181818,133.5,0.003759398,134,0.5,0.5,14735
20150108,136.5,0.02247191,138,0.022222222,136,0.018726592,138,4,1.5,12327
20150109,135,-0.010989011,135.5,-0.018115942,133,-0.022058824,134,-4,-1,24470
20150112,132.5,-0.018518519,133.5,-0.014760148,132,-0.007518797,132,-2,-0.5,11823
20150113,131,-0.011320755,133,-0.003745318,130.5,-0.011363636,132.5,0.5,1.5,12537
20150114,132.5,0.011450382,133,0,130,-0.003831418,130,-2.5,-2.5,18536
20150115,131.5,-0.00754717,133,0,131.5,0.011538462,131.5,1.5,0,10987
20150116,140,0.064638783,140,0.052631579,136,0.034220532,137,5.5,-3,33344
20150119,138.5,-0.010714286,139.5,-0.003571429,137.5,0.011029412,139,2,0.5,15694
20150120,139,0.003610108,139,-0.003584229,137.5,0,138,-1,-1,10489
20150121,139.5,0.003597122,141,0.014388489,139.5,0.014545455,141,3,1.5,22304
20150122,141.5,0.014336918,142,0.007092199,139.5,0,140,-1,-1.5,12880
20150123,142.5,0.007067138,145,0.021126761,142.5,0.021505376,145,5,2.5,24817
20150126,145.5,0.021052632,145.5,0.003448276,143.5,0.007017544,145,0,-0.5,12366
20150127,145.5,0,147,0.010309278,144.5,0.006968641,147,2,1.5,13505
20150128,146.5,0.006872852,147,0,145.5,0.006920415,146.5,-0.5,0,13048
20150129,144,-0.017064846,145,-0.013605442,143,-0.017182131,143.5,-3,-0.5,10970
20150130,145,0.006944444,145.5,0.003448276,141,-0.013986014,141,-2.5,-4,12509
20150202,140.5,-0.031034483,143,-0.017182131,140.5,-0.003546099,142.5,1.5,2,7265
20150203,143,0.017793594,144.5,0.01048951,142,0.010676157,144.5,2,1.5,7438
20150204,144.5,0.01048951,146.5,0.01384083,144,0.014084507,146,1.5,1.5,10725
20150205,145.5,0.006920415,146,-0.003412969,143.5,-0.003472222,145.5,-0.5,0,8827
20150206,145.5,0,145.5,-0.003424658,143,-0.003484321,143,-2.5,-2.5,10068
20150209,143,-0.017182131,143.5,-0.013745704,141.5,-0.01048951,142,-1,-1,7095
20150210,142,-0.006993007,143,-0.003484321,141.5,0,142.5,0.5,0.5,8287
20150211,146,0.028169014,149,0.041958042,146,0.03180212,148,5.5,2,21683
20150212,149.5,0.023972603,149.5,0.003355705,147.5,0.010273973,148.5,0.5,-1,10815
20150213,148.5,-0.006688963,150,0.003344482,148,0.003389831,148.5,0,0,13408
20150224,149,0.003367003,152,0.013333333,148.5,0.003378378,151,2.5,2,17976
20150225,152.5,0.023489933,154.5,0.016447368,152.5,0.026936027,154.5,3.5,2,13778
20150226,153.5,0.006557377,154,-0.003236246,150.5,-0.013114754,150.5,-4,-3,16129
20150302,151.5,-0.013029316,153,-0.006493506,148.5,-0.013289037,149,-1.5,-2.5,14902
20150303,150,-0.00990099,151,-0.013071895,148.5,0,150.5,1.5,0.5,10700
20150304,150,0,151.5,0.003311258,149,0.003367003,150.5,0,0.5,9519
20150305,150,0,151,-0.00330033,148.5,-0.003355705,150,-0.5,0,8059
20150306,149,-0.006666667,149.5,-0.009933775,148.5,0,149,-1,0,9540
20150309,147.5,-0.010067114,147.5,-0.013377926,145,-0.023569024,145.5,-3.5,-2,21963
20150310,145,-0.016949153,145,-0.016949153,144,-0.006896552,144,-1.5,-1,17451
20150311,143.5,-0.010344828,148,0.020689655,143,-0.006944444,146,2,2.5,14996
20150312,147,0.024390244,148.5,0.003378378,146.5,0.024475524,148,2,1,10987
20150313,148,0.006802721,149.5,0.006734007,147,0.003412969,149,1,1,12528
20150316,149,0.006756757,149.5,0,146,-0.006802721,146,-3,-3,10187
20150317,148.5,-0.003355705,150,0.003344482,148.5,0.017123288,149,3,0.5,16064
20150318,151,0.016835017,154,0.026666667,150,0.01010101,153.5,4.5,2.5,24516
20150319,152.5,0.009933775,155,0.006493506,152.5,0.016666667,154,0.5,1.5,14822
20150320,151.5,-0.006557377,154,-0.006451613,151.5,-0.006557377,154,0,2.5,8722
20150323,154,0.01650165,154,0,152.5,0.00660066,153.5,-0.5,-0.5,8438
20150324,153.5,-0.003246753,153.5,-0.003246753,151.5,-0.006557377,151.5,-2,-2,9866
20150325,152,-0.009771987,152.5,-0.006514658,150.5,-0.00660066,151,-0.5,-1,8084
20150326,145.5,-0.042763158,147,-0.036065574,144.5,-0.03986711,145.5,-5.5,0,40030
20150327,144,-0.010309278,145.5,-0.010204082,142.5,-0.01384083,142.5,-3,-1.5,31660
20150330,142.5,-0.010416667,144,-0.010309278,142,-0.003508772,142.5,0,0,20026
20150331,144,0.010526316,145.5,0.010416667,143,0.007042254,145.5,3,1.5,14570
20150401,145,0.006944444,145,-0.003436426,143.5,0.003496503,144,-1.5,-1,11700
20150402,145,0,148,0.020689655,144.5,0.006968641,147,3,2,15545
20150407,146.5,0.010344828,147.5,-0.003378378,145,0.003460208,146,-1,-0.5,9240
20150408,145.5,-0.006825939,146,-0.010169492,143,-0.013793103,143,-3,-2.5,14640
20150409,144,-0.010309278,145.5,-0.003424658,143,0,143,0,-1,14341
20150410,146,0.013888889,147,0.010309278,145,0.013986014,147,4,1,13442
20150413,146.5,0.003424658,147.5,0.003401361,146,0.006896552,147,0,0.5,10892
20150414,145,-0.010238908,145.5,-0.013559322,143.5,-0.017123288,144,-3,-1,15801
20150415,143.5,-0.010344828,144.5,-0.006872852,141.5,-0.013937282,143,-1,-0.5,24704
20150416,145,0.010452962,147,0.017301038,144.5,0.021201413,147,4,2,20084
20150417,143,-0.013793103,144,-0.020408163,142.5,-0.01384083,142.5,-4.5,-0.5,29078
20150420,142,-0.006993007,144,0,141.5,-0.007017544,143,0.5,1,9856
20150421,142,0,143.5,-0.003472222,141.5,0,142.5,-0.5,0.5,10238
20150422,143.5,0.01056338,145,0.010452962,143,0.010600707,143.5,1,0,12231
20150423,145.5,0.013937282,147,0.013793103,145,0.013986014,147,3.5,1.5,18425
20150424,149,0.024054983,152.5,0.037414966,148.5,0.024137931,152.5,5.5,3.5,35056
20150427,153,0.026845638,153,0.003278689,150,0.01010101,151.5,-1,-1.5,14169
20150428,153.5,0.003267974,153.5,0.003267974,150.5,0.003333333,151.5,0,-2,12673
20150429,150,-0.022801303,151,-0.016286645,148,-0.016611296,148.5,-3,-1.5,11220
20150430,147,-0.02,148.5,-0.016556291,146.5,-0.010135135,147,-1.5,0,13793
20150504,148.5,0.010204082,148.5,0,146,-0.003412969,147.5,0.5,-1,8598
20150505,147.5,-0.006734007,148,-0.003367003,146,0,147,-0.5,-0.5,6502
20150506,145.5,-0.013559322,148,0,145.5,-0.003424658,147.5,0.5,2,6477
20150507,146,0.003436426,147.5,-0.003378378,146,0.003436426,146.5,-1,0.5,5816
20150508,146,0,147.5,0,146,0,146.5,0,0.5,7730
20150511,149,0.020547945,149,0.010169492,147,0.006849315,148.5,2,-0.5,6385
20150512,147,-0.013422819,148.5,-0.003355705,147,0,147.5,-1,0.5,6593
20150513,147.5,0.003401361,149,0.003367003,147,0,148,0.5,0.5,5694
20150514,148,0.003389831,148.5,-0.003355705,146,-0.006802721,146,-2,-2,12300
20150515,147,-0.006756757,147,-0.01010101,145,-0.006849315,146.5,0.5,-0.5,8186
20150518,147,0,147,0,145,0,146.5,0,-0.5,7178
20150519,145.5,-0.010204082,147.5,0.003401361,145,0,146.5,0,1,9418
20150520,146.5,0.006872852,147,-0.003389831,146,0.006896552,146.5,0,0,10516
20150521,146,-0.003412969,146.5,-0.003401361,144.5,-0.010273973,145.5,-1,-0.5,12871
20150522,146,0,147,0.003412969,145,0.003460208,145.5,0,-0.5,6813
20150525,146.5,0.003424658,147.5,0.003401361,145.5,0.003448276,147.5,2,1,5998
20150526,148.5,0.013651877,148.5,0.006779661,146.5,0.006872852,146.5,-1,-2,6148
20150527,145.5,-0.02020202,147,-0.01010101,145,-0.010238908,145,-1.5,-0.5,6869
20150528,147,0.010309278,147.5,0.003401361,146,0.006896552,147,2,0,10259
20150529,147,0,147.5,0,145.5,-0.003424658,146,-1,-1,8252
20150601,145.5,-0.010204082,146,-0.010169492,144,-0.010309278,145,-1,-0.5,9735
20150602,144.5,-0.006872852,144.5,-0.010273973,143.5,-0.003472222,144,-1,-0.5,10752
20150603,143.5,-0.006920415,144.5,0,143,-0.003484321,143,-1,-0.5,7788
20150604,142,-0.010452962,142.5,-0.01384083,140,-0.020979021,141,-2,-1,17920
20150605,139.5,-0.017605634,140.5,-0.014035088,139,-0.007142857,140,-1,0.5,13335
20150608,139.5,0,140,-0.003558719,138.5,-0.003597122,138.5,-1.5,-1,17131
20150609,138.5,-0.007168459,140,0,138,-0.003610108,139,0.5,0.5,10951
20150610,141,0.018050542,141.5,0.010714286,139.5,0.010869565,139.5,0.5,-1.5,11225
20150611,141,0,144,0.017667845,141,0.010752688,143.5,4,2.5,15700
20150612,144,0.021276596,144.5,0.003472222,142.5,0.010638298,144.5,1,0.5,9645
20150615,144.5,0.003472222,144.5,0,142.5,0,143,-1.5,-1.5,7385
20150616,143,-0.010380623,143,-0.010380623,141,-0.010526316,142,-1,-1,11387
20150617,143,0,143.5,0.003496503,142,0.007092199,142.5,0.5,-0.5,8595
20150618,142,-0.006993007,143,-0.003484321,142,0,142,-0.5,0,5820
20150622,142,0,143.5,0.003496503,142,0,142,0,0,8985
20150623,143,0.007042254,145,0.010452962,142.5,0.003521127,144.5,2.5,1.5,11319
20150624,144.5,0.01048951,145,0,143.5,0.007017544,145,0.5,0.5,7362
20150625,145,0.003460208,147,0.013793103,145,0.010452962,146.5,1.5,1.5,11443
20150626,147,0.013793103,147.5,0.003401361,145.5,0.003448276,146,-0.5,-1,10199
20150629,140.5,-0.044217687,141,-0.044067797,138.5,-0.048109966,138.5,-7.5,-2,20523
20150630,139,-0.010676157,140.5,-0.003546099,138.5,0,140.5,2,1.5,15871
20150701,140,0.007194245,142.5,0.014234875,139,0.003610108,141,0.5,1,9303
20150702,140.5,0.003571429,142,-0.003508772,140.5,0.010791367,141.5,0.5,1,6836
20150703,141.5,0.007117438,142.5,0.003521127,140,-0.003558719,142.5,1,1,6179
20150706,141,-0.003533569,141.5,-0.007017544,140.5,0.003571429,140.5,-2,-0.5,7067
20150707,141,0,142,0.003533569,140.5,0,140.5,0,-0.5,8780
20150708,140.5,-0.003546099,141,-0.007042254,138,-0.017793594,138,-2.5,-2.5,15496
20150709,134,-0.046263345,138,-0.021276596,134,-0.028985507,136.5,-1.5,2.5,12715
20150713,137,0.02238806,139.5,0.010869565,137,0.02238806,138.5,2,1.5,11386
20150714,139.5,0.018248175,140.5,0.007168459,138,0.00729927,138.5,0,-1,7319
20150715,139,-0.003584229,139.5,-0.007117438,138,0,138.5,0,-0.5,8278
20150716,140,0.007194245,140,0.003584229,135.5,-0.018115942,136.5,-2,-3.5,11167
20150717,138,-0.014285714,140,0,138,0.018450185,140,3.5,2,14284
20150720,141.5,0.025362319,142,0.014285714,138.5,0.003623188,139,-1,-2.5,11095
20150721,141,-0.003533569,141.5,-0.003521127,139.5,0.007220217,140.5,1.5,-0.5,5806
20150722,139,-0.014184397,139.5,-0.014134276,138,-0.010752688,139,-1.5,0,9026
20150723,137,-0.014388489,137.5,-0.014336918,136,-0.014492754,136,-3,-1,11509
20150724,138,0.00729927,138,0.003636364,136,0,137,1,-1,10517
20150727,135,-0.02173913,135.5,-0.018115942,134,-0.014705882,134,-3,-1,13816
20150728,135,0,136.5,0.007380074,134,0,134,0,-1,9966
20150729,135,0,136,-0.003663004,134.5,0.003731343,135.5,1.5,0.5,7453
20150730,136,0.007407407,139,0.022058824,136,0.011152416,138.5,3,2.5,10767
20150731,140.5,0.033088235,140.5,0.010791367,137.5,0.011029412,139.5,1,-1,9383
20150803,138.5,-0.014234875,138.5,-0.014234875,134.5,-0.021818182,134.5,-5,-4,12990
20150804,135,-0.025270758,136.5,-0.014440433,134.5,0,136.5,2,1.5,8099
20150805,135.5,0.003703704,135.5,-0.007326007,134,-0.003717472,134,-2.5,-1.5,9154
20150806,136,0.003690037,136,0.003690037,132,-0.014925373,134,0,-2,13110
20150807,133,-0.022058824,133.5,-0.018382353,131.5,-0.003787879,133,-1,0,11911
20150810,131,-0.015037594,131,-0.018726592,125.5,-0.045627376,129,-4,-2,23713
20150811,133.5,0.019083969,133.5,0.019083969,130.5,0.039840637,130.5,1.5,-3,18947
20150812,129.5,-0.029962547,130,-0.026217228,127.5,-0.022988506,128.5,-2,-1,12740
20150813,129,-0.003861004,130,0,127.5,0,128,-0.5,-1,11405
20150814,128,-0.007751938,128.5,-0.011538462,125,-0.019607843,126,-2,-2,13469
20150817,125.5,-0.01953125,125.5,-0.023346304,123,-0.016,124,-2,-1.5,14068
20150818,125,-0.003984064,126.5,0.007968127,125,0.016260163,126,2,1,11837
20150819,127.5,0.02,127.5,0.007905138,124,-0.008,125,-1,-2.5,11362
20150820,124.5,-0.023529412,126,-0.011764706,123.5,-0.004032258,126,1,1.5,8015
20150821,123,-0.012048193,124.5,-0.011904762,121,-0.020242915,121,-5,-2,15912
20150824,120,-0.024390244,121,-0.02811245,112.5,-0.070247934,115,-6,-5,25681
20150825,118,-0.016666667,124,0.024793388,117.5,0.044444444,123.5,8.5,5.5,27240
20150826,121,0.025423729,124.5,0.004032258,119.5,0.017021277,122.5,-1,1.5,17863
20150827,125,0.033057851,125,0.004016064,122,0.020920502,124,1.5,-1,14964
20150828,127,0.016,127,0.016,124.5,0.020491803,125,1,-2,12018
20150831,126,-0.007874016,129,0.015748031,123.5,-0.008032129,129,4,3,12112
20150901,127.5,0.011904762,127.5,-0.011627907,124,0.004048583,124,-5,-3.5,14184
20150902,123,-0.035294118,127,-0.003921569,123,-0.008064516,125.5,1.5,2.5,12205
20150903,127.5,0.036585366,127.5,0.003937008,125,0.016260163,127,1.5,-0.5,7059
20150904,126.5,-0.007843137,127,-0.003921569,123.5,-0.012,125,-2,-1.5,8111
20150907,124.5,-0.015810277,126,-0.007874016,122,-0.012145749,122.5,-2.5,-2,10743
20150908,122.5,-0.016064257,123.5,-0.01984127,122,0,123,0.5,0.5,5645
20150909,126.5,0.032653061,129,0.044534413,126.5,0.036885246,129,6,2.5,19715
20150910,127,0.003952569,128,-0.007751938,125,-0.011857708,125,-4,-2,10207
20150911,125.5,-0.011811024,127.5,-0.00390625,124,-0.008,127.5,2.5,2,7250
20150914,128,0.019920319,129,0.011764706,126,0.016129032,127.5,0,-0.5,8062
20150915,127.5,-0.00390625,128,-0.007751938,125.5,-0.003968254,126,-1.5,-1.5,7271
20150916,128,0.003921569,130,0.015625,127.5,0.015936255,129.5,3.5,1.5,14052
20150917,130.5,0.01953125,131.5,0.011538462,130,0.019607843,131,1.5,0.5,16702
20150918,129.5,-0.007662835,131.5,0,129,-0.007692308,131.5,0.5,2,7572
20150921,130,0.003861004,130,-0.011406844,128.5,-0.003875969,129.5,-2,-0.5,7636
20150922,130,0,130,0,128.5,0,129,-0.5,-1,6249
20150923,127,-0.023076923,127.5,-0.019230769,124.5,-0.031128405,124.5,-4.5,-2.5,15209
20150924,127,0,128,0.003921569,125.5,0.008032129,127,2.5,0,12056
20150925,127,0,127.5,-0.00390625,125,-0.003984064,127,0,0,9166
20150930,128,0.007874016,131,0.02745098,127,0.016,130,3,2,17686
20151001,131,0.0234375,134,0.022900763,129.5,0.019685039,133.5,3.5,2.5,15465
20151002,132.5,0.011450382,132.5,-0.01119403,131.5,0.015444015,132,-1.5,-0.5,7698
20151005,133,0.003773585,133.5,0.00754717,131.5,0,132.5,0.5,-0.5,9279
20151006,135,0.015037594,135.5,0.014981273,132.5,0.007604563,133,0.5,-2,13880
20151007,133.5,-0.011111111,135,-0.003690037,133,0.003773585,135,2,1.5,9911
20151008,137,0.026217228,137,0.014814815,135,0.015037594,136,1,-1,11299
20151012,137,0,139,0.01459854,136.5,0.011111111,138.5,2.5,1.5,13186
20151013,138.5,0.010948905,138.5,-0.003597122,136,-0.003663004,137.5,-1,-1,11289
20151014,136.5,-0.014440433,137.5,-0.007220217,136,0,136.5,-1,0,5612
20151015,139,0.018315018,141,0.025454545,139,0.022058824,140,3.5,1,18548
20151016,137,-0.014388489,137.5,-0.024822695,136,-0.021582734,137.5,-2.5,0.5,16088
20151019,138.5,0.010948905,139,0.010909091,137,0.007352941,138,0.5,-0.5,9085
20151020,139,0.003610108,139,0,137.5,0.003649635,139,1,0,8838
20151021,139.5,0.003597122,140,0.007194245,137.5,0,138.5,-0.5,-1,7624
20151022,138,-0.010752688,138.5,-0.010714286,137,-0.003636364,137.5,-1,-0.5,4864
20151023,140,0.014492754,140.5,0.014440433,139,0.01459854,140,2.5,0,13889
20151026,140.5,0.003571429,140.5,0,139,0,140,0,-0.5,8837
20151027,138.5,-0.014234875,140,-0.003558719,137.5,-0.010791367,139,-1,0.5,6719
20151028,137,-0.010830325,139,-0.007142857,137,-0.003636364,138,-1,1,7911
20151029,139,0.01459854,139.5,0.003597122,136.5,-0.003649635,136.5,-1.5,-2.5,6452
20151030,137,-0.014388489,137.5,-0.014336918,136,-0.003663004,136.5,0,-0.5,6840
20151102,138.5,0.010948905,138.5,0.007272727,135.5,-0.003676471,137.5,1,-1,7961
20151103,138.5,0,140,0.010830325,138,0.018450185,139.5,2,1,12148
20151104,141.5,0.02166065,144.5,0.032142857,141,0.02173913,144.5,5,3,27863
20151105,144,0.017667845,144.5,0,142.5,0.010638298,142.5,-2,-1.5,12575
20151106,144,0,144,-0.003460208,139,-0.024561404,140,-2.5,-4,12543
20151109,141,-0.020833333,143,-0.006944444,140.5,0.010791367,142,2,1,8727
20151110,141.5,0.003546099,141.5,-0.01048951,139,-0.010676157,139.5,-2.5,-2,9060
20151111,140.5,-0.007067138,140.5,-0.007067138,136.5,-0.017985612,137.5,-2,-3,10751
20151112,138.5,-0.014234875,139,-0.010676157,138,0.010989011,138.5,1,0,5091
20151113,137.5,-0.007220217,139,0,136,-0.014492754,136,-2.5,-1.5,7418
20151116,134,-0.025454545,135.5,-0.025179856,134,-0.014705882,135,-1,1,13597
20151117,138,0.029850746,140,0.033210332,137.5,0.026119403,138.5,3.5,0.5,11370
20151118,139.5,0.010869565,140,0,136.5,-0.007272727,137,-1.5,-2.5,9025
20151119,138.5,-0.007168459,140.5,0.003571429,138,0.010989011,140.5,3.5,2,9283
20151120,140.5,0.014440433,141,0.003558719,140,0.014492754,141,0.5,0.5,7571
20151123,141,0.003558719,141.5,0.003546099,140,0,141,0,0,4707
20151124,140,-0.007092199,141.5,0,139.5,-0.003571429,139.5,-1.5,-0.5,5910
20151125,139.5,-0.003571429,141,-0.003533569,138.5,-0.007168459,141,1.5,1.5,6240
20151126,141,0.010752688,142.5,0.010638298,140,0.010830325,142.5,1.5,1.5,9850
20151127,143,0.014184397,143,0.003508772,139,-0.007142857,139,-3.5,-4,5730
20151130,136.5,-0.045454545,139,-0.027972028,136,-0.021582734,139,0,2.5,16059
20151201,140.5,0.029304029,142.5,0.025179856,138.5,0.018382353,142.5,3.5,2,15965
20151202,144,0.024911032,144,0.010526316,142,0.025270758,142.5,0,-1.5,9705
20151203,141.5,-0.017361111,143,-0.006944444,141.5,-0.003521127,142.5,0,1,5048
20151204,141,-0.003533569,142.5,-0.003496503,140.5,-0.007067138,140.5,-2,-0.5,10122
20151207,142,0.007092199,144.5,0.014035088,142,0.010676157,143.5,3,1.5,15781
20151208,143.5,0.01056338,144,-0.003460208,141,-0.007042254,142.5,-1,-1,9537
20151209,142,-0.010452962,142,-0.013888889,140.5,-0.003546099,140.5,-2,-1.5,8387
20151210,140.5,-0.01056338,141.5,-0.003521127,139,-0.010676157,141,0.5,0.5,8599
20151211,141,0.003558719,142,0.003533569,139,0,139.5,-1.5,-1.5,10076
20151214,137.5,-0.024822695,139.5,-0.017605634,137.5,-0.010791367,139,-0.5,1.5,7423
20151215,139.5,0.014545455,140.5,0.007168459,138,0.003636364,138,-1,-1.5,8428
20151216,142,0.017921147,144,0.024911032,141,0.02173913,143.5,5.5,1.5,23243
20151217,144.5,0.017605634,145,0.006944444,143,0.014184397,145,1.5,0.5,13019
20151218,143,-0.010380623,145,0,142,-0.006993007,142,-3,-1,8307
20151221,141.5,-0.01048951,142.5,-0.017241379,140.5,-0.01056338,141.5,-0.5,0,8942
20151222,141,-0.003533569,142,-0.003508772,140.5,0,142,0.5,1,5052
20151223,141,0,143,0.007042254,140.5,0,141.5,-0.5,0.5,5631
20151224,143,0.014184397,143.5,0.003496503,142,0.010676157,142,0.5,-1,4914
20151225,142,-0.006993007,143.5,0,142,0,143,1,1,1797
20151228,143.5,0.01056338,144,0.003484321,143,0.007042254,143.5,0.5,0,4191
20151229,143.5,0,144,0,141.5,-0.01048951,142,-1.5,-1.5,6037
20151230,142.5,-0.006968641,144,0,142,0.003533569,142.5,0.5,0,4651
20151231,142,-0.003508772,144,0,141,-0.007042254,143,0.5,1,4188
20160104,142.5,0.003521127,143.5,-0.003472222,139,-0.014184397,139.5,-3.5,-3,14188
20160105,139,-0.024561404,140,-0.024390244,137,-0.014388489,138,-1.5,-1,15836
20160106,138,-0.007194245,138,-0.014285714,135,-0.01459854,135.5,-2.5,-2.5,15926
20160107,134.5,-0.025362319,135,-0.02173913,130.5,-0.033333333,133,-2.5,-1.5,19061
20160108,132,-0.018587361,135,0,132,0.011494253,134,1,2,11784
20160111,133,0.007575758,134.5,-0.003703704,130.5,-0.011363636,133,-1,0,10980
20160112,133,0,134,-0.003717472,131.5,0.007662835,133,0,0,9492
20160113,133.5,0.003759398,135.5,0.01119403,133,0.011406844,133.5,0.5,0,9488
20160114,130.5,-0.02247191,132,-0.025830258,130.5,-0.018796992,131.5,-2,1,14501
20160115,137.5,0.053639847,138,0.045454545,135.5,0.038314176,137,5.5,-0.5,20280
20160118,135,-0.018181818,138,0,134.5,-0.007380074,137,0,2,11947
20160119,137.5,0.018518519,138,0,136,0.011152416,138,1,0.5,8146
20160120,137.5,0,137.5,-0.003623188,133.5,-0.018382353,134.5,-3.5,-3,13799
20160121,134,-0.025454545,136.5,-0.007272727,134,0.003745318,135,0.5,1,9956
20160122,136.5,0.018656716,138.5,0.014652015,136,0.014925373,138.5,3.5,2,12684
20160125,140,0.025641026,140,0.010830325,139,0.022058824,139.5,1,-0.5,9105
20160126,137.5,-0.017857143,139,-0.007142857,137,-0.014388489,137.5,-2,0,6584
20160127,139,0.010909091,139.5,0.003597122,138.5,0.010948905,139.5,2,0.5,8368
20160128,138,-0.007194245,140.5,0.007168459,138,-0.003610108,140,0.5,2,9746
20160129,138.5,0.003623188,143,0.017793594,138,0,143,3,4.5,14517
20160130,142.5,0.028880866,143,0,141,0.02173913,142,-1,-0.5,6143
20160201,144,0.010526316,144,0.006993007,141.5,0.003546099,144,2,0,12189
20160202,144,0,144.5,0.003472222,141.5,0,142.5,-1.5,-1.5,7725
20160203,145,0.006944444,146,0.010380623,144.5,0.021201413,146,3.5,1,18892
20160215,142,-0.020689655,146.5,0.003424658,142,-0.017301038,145,-1,3,21814
20160216,146,0.028169014,148,0.010238908,145.5,0.024647887,147.5,2.5,1.5,17135
20160217,149,0.020547945,149,0.006756757,147,0.010309278,148,0.5,-1,13872
20160218,150,0.006711409,151,0.013422819,149.5,0.017006803,151,3,1,22057
20160219,149,-0.006666667,151,0,149,-0.003344482,151,0,2,10981
20160222,149.5,0.003355705,152.5,0.009933775,149.5,0.003355705,151,0,1.5,9155
20160223,150.5,0.006688963,151,-0.009836066,149,-0.003344482,149.5,-1.5,-1,8897
20160224,149.5,-0.006644518,150.5,-0.003311258,147,-0.013422819,148,-1.5,-1.5,7979
20160225,149,-0.003344482,151,0.003322259,148.5,0.010204082,150.5,2.5,1.5,11234
20160226,151,0.013422819,151.5,0.003311258,148,-0.003367003,149,-1.5,-2,9939
20160301,148.5,-0.016556291,152,0.00330033,148.5,0.003378378,152,3,3.5,12003
20160302,154,0.037037037,154.5,0.016447368,153,0.03030303,153,1,-1,11075
20160303,154,0,154.5,0,153,0,154,1,0,10112
20160304,153,-0.006493506,153.5,-0.006472492,151.5,-0.009803922,152.5,-1.5,-0.5,10724
20160307,152.5,-0.003267974,153.5,0,151,-0.00330033,152,-0.5,-0.5,7324
20160308,151,-0.009836066,152,-0.009771987,149.5,-0.009933775,152,0,1,13764
20160309,152,0.006622517,153,0.006578947,150.5,0.006688963,153,1,1,9423
20160310,153,0.006578947,154.5,0.009803922,151.5,0.006644518,154.5,1.5,1.5,10930
20160311,154.5,0.009803922,155,0.003236246,153,0.00990099,155,0.5,0.5,11727
20160314,156.5,0.012944984,157.5,0.016129032,155.5,0.016339869,156,1,-0.5,11927
20160315,155,-0.009584665,156.5,-0.006349206,153,-0.01607717,154.5,-1.5,-0.5,12260
20160316,155.5,0.003225806,156,-0.003194888,154,0.006535948,156,1.5,0.5,9853
20160317,159.5,0.025723473,160,0.025641026,157.5,0.022727273,158.5,2.5,-1,14989
20160318,158.5,-0.006269592,159.5,-0.003125,158.5,0.006349206,159.5,1,1,12106
20160321,160,0.009463722,160,0.003134796,158,-0.003154574,160,0.5,0,9380
20160322,159.5,-0.003125,159.5,-0.003125,157,-0.006329114,158.5,-1.5,-1,11945
20160323,158.5,-0.006269592,159.5,0,158,0.006369427,159.5,1,1,8670
20160324,158,-0.003154574,159,-0.003134796,157,-0.006329114,158.5,-1,0.5,8841
20160325,158.5,0.003164557,159,0,157,0,158,-0.5,-0.5,5593
20160328,158,-0.003154574,159,0,157,0,159,1,1,6212
20160329,158.5,0.003164557,159.5,0.003144654,158,0.006369427,159,0,0.5,7098
20160330,158.5,0,162,0.015673981,158.5,0.003164557,161.5,2.5,3,14484
20160331,162,0.022082019,163,0.00617284,159,0.003154574,162,0.5,0,14511
20160401,161,-0.00617284,161,-0.012269939,157.5,-0.009433962,158.5,-3.5,-2.5,10001
20160406,155.5,-0.034161491,156,-0.031055901,153.5,-0.025396825,153.5,-5,-2,19206
20160407,155,-0.003215434,155,-0.006410256,152.5,-0.006514658,154.5,1,-0.5,10086
20160408,154,-0.006451613,158,0.019354839,154,0.009836066,157.5,3,3.5,12800
20160411,156,0.012987013,159,0.006329114,155.5,0.00974026,158.5,1,2.5,6917
20160412,157.5,0.009615385,159.5,0.003144654,157.5,0.012861736,158.5,0,1,4707
20160413,160,0.015873016,162,0.015673981,159.5,0.012698413,161.5,3,1.5,12488
20160414,162,0.0125,162.5,0.00308642,160,0.003134796,161.5,0,-0.5,10380
20160415,157,-0.030864198,160,-0.015384615,156,-0.025,159.5,-2,2.5,17202
20160418,158,0.006369427,158.5,-0.009375,157.5,0.009615385,158,-1.5,0,7888
20160419,160,0.012658228,161,0.015772871,157,-0.003174603,157.5,-0.5,-2.5,9884
20160420,157.5,-0.015625,158,-0.01863354,154,-0.01910828,154,-3.5,-3.5,16130
20160421,156,-0.00952381,157,-0.006329114,154,0,157,3,1,11654
20160422,155.5,-0.003205128,158,0.006369427,155,0.006493506,156.5,-0.5,1,6485
20160425,156.5,0.006430868,157.5,-0.003164557,156,0.006451613,157.5,1,1,5007
20160426,156.5,0,158.5,0.006349206,156.5,0.003205128,158,0.5,1.5,5208
20160427,156,-0.003194888,157.5,-0.006309148,155.5,-0.006389776,156.5,-1.5,0.5,6783
20160428,157.5,0.009615385,158,0.003174603,153,-0.01607717,153,-3.5,-4.5,15032
20160429,151,-0.041269841,151,-0.044303797,149,-0.026143791,150,-3,-1,18838
20160503,148,-0.01986755,148.5,-0.016556291,146.5,-0.016778523,147.5,-2.5,-0.5,21279
20160504,147,-0.006756757,149,0.003367003,146.5,0,147,-0.5,0,13521
20160505,147.5,0.003401361,148.5,-0.003355705,146,-0.003412969,147.5,0.5,0,9466
20160506,148.5,0.006779661,148.5,0,147,0.006849315,148,0.5,-0.5,8372
20160509,148.5,0,149,0.003367003,146.5,-0.003401361,147.5,-0.5,-1,12836
20160510,147,-0.01010101,148,-0.006711409,146.5,0,147,-0.5,0,8956
20160511,148.5,0.010204082,149,0.006756757,146.5,0,147,0,-1.5,11477
20160512,147,-0.01010101,148,-0.006711409,146,-0.003412969,146,-1,-1,7183
20160513,145,-0.013605442,145.5,-0.016891892,143,-0.020547945,144,-2,-1,19508
20160516,143,-0.013793103,145.5,0,143,0,144.5,0.5,1.5,9667
20160517,145.5,0.017482517,147,0.010309278,145,0.013986014,147,2.5,1.5,8501
20160518,146,0.003436426,147,0,145,0,147,0,1,9452
20160519,148,0.01369863,148.5,0.010204082,145.5,0.003448276,147,0,-1,8803
20160520,147.5,-0.003378378,149.5,0.006734007,147,0.010309278,148.5,1.5,1,9513
20160523,150.5,0.020338983,154.5,0.033444816,149.5,0.017006803,154,5.5,3.5,16914
20160524,152.5,0.013289037,153.5,-0.006472492,151,0.010033445,151,-3,-1.5,8713
20160525,153.5,0.006557377,155,0.009771987,152.5,0.009933775,154.5,3.5,1,10548
20160526,154.5,0.006514658,155,0,153.5,0.006557377,155,0.5,0.5,8493
20160527,156,0.009708738,156.5,0.009677419,154.5,0.006514658,156.5,1.5,0.5,7672
20160530,157,0.006410256,158,0.009584665,155,0.003236246,157,0.5,0,11762
20160531,156.5,-0.003184713,157.5,-0.003164557,155,0,156.5,-0.5,0,11056
20160601,156,-0.003194888,159,0.00952381,156,0.006451613,159,2.5,3,9500
20160602,159,0.019230769,160,0.006289308,158,0.012820513,159,0,0,7933
20160603,159,0,160.5,0.003125,159,0.006329114,160.5,1.5,1.5,10969
20160604,160,0.006289308,160,-0.003115265,159.5,0.003144654,160,-0.5,0,1428
20160606,161,0.00625,162,0.0125,160,0.003134796,161,1,0,8667
20160607,161.5,0.00310559,163.5,0.009259259,161,0.00625,162,1,0.5,12269
20160608,164,0.015479876,166,0.01529052,163.5,0.01552795,165.5,3.5,1.5,15173
20160613,161,-0.018292683,162.5,-0.021084337,161,-0.01529052,162,-3.5,1,14466
20160614,161,0,163,0.003076923,161,0,162,0,1,10951
20160615,162,0.00621118,163,0,161,0,163,1,1,9142
20160616,161.5,-0.00308642,162.5,-0.003067485,159.5,-0.00931677,160.5,-2.5,-1,7324
20160617,162.5,0.00619195,164.5,0.012307692,162,0.015673981,163,2.5,0.5,9885
20160620,164.5,0.012307692,165,0.003039514,163,0.00617284,163,0,-1.5,8639
20160621,164,-0.003039514,165.5,0.003030303,163.5,0.003067485,165.5,2.5,1.5,10369
20160622,164.5,0.00304878,166,0.003021148,163.5,0,166,0.5,1.5,8180
20160623,165.5,0.006079027,166,0,164,0.003058104,164,-2,-1.5,8298
20160624,164,-0.009063444,164,-0.012048193,154.5,-0.057926829,159,-5,-5,27192
20160627,154.5,-0.057926829,156,-0.048780488,154,-0.003236246,155.5,-3.5,1,17925
20160628,155.5,0.006472492,157.5,0.009615385,155,0.006493506,157,1.5,1.5,12685
20160629,158.5,0.019292605,160,0.015873016,158,0.019354839,159,2,0.5,12754
20160630,161,0.015772871,163,0.01875,159.5,0.009493671,162.5,3.5,1.5,14833
20160701,164.5,0.02173913,166,0.018404908,163.5,0.02507837,166,3.5,1.5,13186
20160704,165.5,0.006079027,166.5,0.003012048,164.5,0.006116208,166,0,0.5,9484
20160705,165,-0.003021148,165.5,-0.006006006,164,-0.003039514,164,-2,-1,6930
20160706,163,-0.012121212,163,-0.01510574,160.5,-0.021341463,161.5,-2.5,-1.5,12026
20160707,163.5,0.003067485,165,0.012269939,163,0.015576324,164.5,3,1,9726
20160711,170,0.039755352,170.5,0.033333333,168.5,0.033742331,170,5.5,0,14951
20160712,171,0.005882353,171.5,0.005865103,169.5,0.005934718,171,1,0,15021
20160713,169.5,-0.00877193,170,-0.008746356,167,-0.014749263,168.5,-2.5,-1,17109
20160714,167,-0.014749263,170,0,167,0,169,0.5,2,12414
20160715,168,0.005988024,169.5,-0.002941176,166.5,-0.002994012,169.5,0.5,1.5,13283
20160718,168,0,170,0.002949853,168,0.009009009,169.5,0,1.5,6898
20160719,170.5,0.014880952,170.5,0.002941176,169,0.005952381,170.5,1,0,12495
20160720,170,-0.002932551,170.5,0,169,0,170,-0.5,0,14235
20160721,171,0.005882353,172,0.008797654,170,0.00591716,172,2,1,12625
20160722,172,0.005847953,172,0,170.5,0.002941176,171,-1,-1,9643
20160725,172,0,173,0.005813953,169,-0.008797654,171.5,0.5,-0.5,9757
20160726,172,0,173,0,171.5,0.014792899,173,1.5,1,12399
20160727,175,0.01744186,176,0.01734104,174.5,0.017492711,175,2,0,10896
20160728,175,0,176.5,0.002840909,173,-0.008595989,176.5,1.5,1.5,9647
20160729,177,0.011428571,177,0.002832861,172.5,-0.002890173,172.5,-4,-4.5,8686
20160801,175,-0.011299435,177,0,174.5,0.011594203,177,4.5,2,11713
20160802,177.5,0.014285714,177.5,0.002824859,175.5,0.005730659,176,-1,-1.5,6097
20160803,172.5,-0.028169014,174,-0.01971831,172,-0.01994302,172.5,-3.5,0,8267
20160804,173,0.002898551,174.5,0.002873563,172.5,0.002906977,174.5,2,1.5,4503
20160805,175,0.011560694,177.5,0.017191977,174,0.008695652,177,2.5,2,8212
20160808,178,0.017142857,178,0.002816901,176.5,0.014367816,178,1,0,5032
20160809,178.5,0.002808989,179.5,0.008426966,177,0.002832861,178.5,0.5,0,6767
20160810,179,0.00280112,179.5,0,178,0.005649718,179.5,1,0.5,5979
20160811,177.5,-0.008379888,178,-0.008356546,175.5,-0.014044944,176.5,-3,-1,9250
20160812,178.5,0.005633803,178.5,0.002808989,177,0.008547009,177.5,1,-1,7860
20160815,178.5,0,179,0.00280112,177.5,0.002824859,179,1.5,0.5,4907
20160816,178,-0.00280112,179,0,175,-0.014084507,175.5,-3.5,-2.5,10692
20160817,177,-0.005617978,177.5,-0.008379888,176,0.005714286,177,1.5,0,8245
20160818,176,-0.005649718,176.5,-0.005633803,175,-0.005681818,176,-1,0,9690
20160819,177,0.005681818,177.5,0.005665722,174,-0.005714286,174.5,-1.5,-2.5,8233
20160822,173,-0.02259887,174,-0.01971831,171.5,-0.014367816,173,-1.5,0,7785
20160823,174,0.005780347,175,0.005747126,173.5,0.011661808,174,1,0,6651
20160824,175,0.005747126,175.5,0.002857143,173.5,0,173.5,-0.5,-1.5,4272
20160825,175,0,177,0.008547009,174.5,0.005763689,177,3.5,2,8613
20160826,175,0,177,0,175,0.00286533,177,0,2,4529
20160829,175,0,177,0,174,-0.005714286,176.5,-0.5,1.5,5102
20160830,176,0.005714286,176.5,-0.002824859,174,0,174.5,-2,-1.5,5559
20160831,176.5,0.002840909,177,0.002832861,174.5,0.002873563,176,1.5,-0.5,6850
20160901,176,-0.002832861,176,-0.005649718,173,-0.008595989,173.5,-2.5,-2.5,7279
20160902,176.5,0.002840909,176.5,0.002840909,174,0.005780347,174.5,1,-2,6315
20160905,176.5,0,177.5,0.005665722,176.5,0.014367816,176.5,2,0,6513
20160906,177,0.002832861,179,0.008450704,176.5,0,179,2.5,2,9498
20160907,180.5,0.019774011,185,0.033519553,180,0.019830028,184,5,3.5,19497
20160908,182.5,0.011080332,184.5,-0.002702703,182.5,0.013888889,183,-1,0.5,10923
20160909,181,-0.008219178,181,-0.01897019,179.5,-0.016438356,179.5,-3.5,-1.5,8177
20160910,177,-0.022099448,179,-0.011049724,176,-0.019498607,178,-1.5,1,5804
20160912,177.5,0.002824859,177.5,-0.008379888,174,-0.011363636,175,-3,-2.5,14891
20160913,176.5,-0.005633803,176.5,-0.005633803,173.5,-0.002873563,175,0,-1.5,11379
20160914,174,-0.014164306,176,-0.002832861,173.5,0,173.5,-1.5,-0.5,11689
20160919,179.5,0.031609195,183,0.039772727,178.5,0.028818444,182.5,9,3,19155
20160920,182,0.013927577,183.5,0.00273224,181.5,0.016806723,183,0.5,1,8140
20160921,181,-0.005494505,184,0.002724796,180.5,-0.005509642,184,1,3,8483
20160922,185,0.022099448,185.5,0.008152174,183.5,0.016620499,185.5,1.5,0.5,8939
20160923,185,0,187.5,0.010781671,184.5,0.005449591,187.5,2,2.5,9042
20160926,183.5,-0.008108108,185,-0.013333333,183,-0.008130081,183,-4.5,-0.5,7882
20160929,185.5,0.010899183,187.5,0.013513514,185.5,0.013661202,185.5,2.5,0,15213
20160930,185.5,0,186.5,-0.005333333,182.5,-0.016172507,182.5,-3,-3,11548
20161003,186,0.002695418,186.5,0,184.5,0.010958904,186,3.5,0,6733
20161004,185,-0.005376344,187,0.002680965,185,0.002710027,187,1,2,6392
20161005,186,0.005405405,186,-0.005347594,184.5,-0.002702703,186,-1,0,6115
20161006,185,-0.005376344,187.5,0.008064516,185,0.002710027,187.5,1.5,2.5,6847
20161007,188,0.016216216,188,0.002666667,186,0.005405405,188,0.5,0,6887
20161011,191,0.015957447,191,0.015957447,186,0,187.5,-0.5,-3.5,10879
20161012,186.5,-0.023560209,190,-0.005235602,186,0,189.5,2,3,7805
20161013,190.5,0.021447721,191,0.005263158,187,0.005376344,188.5,-1,-2,13817
20161014,187,-0.018372703,189,-0.010471204,186.5,-0.002673797,188,-0.5,1,13583
20161017,186.5,-0.002673797,187.5,-0.007936508,185,-0.008042895,186.5,-1.5,0,9908
20161018,186.5,0,187,-0.002666667,185.5,0.002702703,187,0.5,0.5,8180
20161019,187.5,0.00536193,189.5,0.013368984,187.5,0.010781671,189.5,2.5,2,8834
20161020,189.5,0.010666667,190.5,0.005277045,189,0.008,190.5,1,1,4787
20161021,191,0.007915567,192,0.007874016,188.5,-0.002645503,188.5,-2,-2.5,8198
20161024,191,0,191,-0.005208333,189.5,0.00530504,191,2.5,0,5860
20161025,192,0.005235602,193,0.010471204,191,0.007915567,193,2,1,7455
20161026,190.5,-0.0078125,192.5,-0.002590674,190.5,-0.002617801,191.5,-1.5,1,7594
20161027,191.5,0.005249344,191.5,-0.005194805,188.5,-0.010498688,188.5,-3,-3,9385
20161028,189.5,-0.010443864,190,-0.007832898,188.5,0,189.5,1,0,6562
20161031,189,-0.002638522,190.5,0.002631579,186.5,-0.01061008,188.5,-1,-0.5,6560
20161101,188.5,-0.002645503,189.5,-0.005249344,187.5,0.00536193,189.5,1,1,5917
20161102,187.5,-0.00530504,188,-0.007915567,186,-0.008,186,-3.5,-1.5,7380
20161103,185.5,-0.010666667,186.5,-0.007978723,184.5,-0.008064516,184.5,-1.5,-1,7976
20161104,184.5,-0.005390836,186,-0.002680965,184,-0.002710027,184.5,0,0,7260
20161107,186.5,0.010840108,189,0.016129032,186,0.010869565,189,4.5,2.5,7934
20161108,190,0.018766756,190,0.005291005,188,0.010752688,188.5,-0.5,-1.5,6225
20161109,190,0,190.5,0.002631579,182,-0.031914894,182,-6.5,-8,22278
20161110,187,-0.015789474,188,-0.01312336,185.5,0.019230769,185.5,3.5,-1.5,13292
20161111,181.5,-0.029411765,183,-0.026595745,181,-0.02425876,181.5,-4,0,19522
20161114,181,-0.002754821,182,-0.005464481,180,-0.005524862,180.5,-1,-0.5,14717
20161115,179.5,-0.008287293,182,0,179,-0.005555556,180,-0.5,0.5,11312
20161116,180.5,0.005571031,183,0.005494505,180,0.005586592,180,0,-0.5,10900
20161117,182,0.008310249,182.5,-0.00273224,180.5,0.002777778,181.5,1.5,-0.5,5234
20161118,181.5,-0.002747253,181.5,-0.005479452,180,-0.002770083,181,-0.5,-0.5,6949
20161121,180.5,-0.005509642,181.5,0,180,0,181,0,0.5,6391
20161122,182,0.008310249,185,0.019283747,181.5,0.008333333,184,3,2,10086
20161123,184.5,0.013736264,186.5,0.008108108,184,0.013774105,185.5,1.5,1,9806
20161124,184,-0.002710027,185,-0.008042895,183,-0.005434783,183,-2.5,-1,6354
20161125,182.5,-0.008152174,183.5,-0.008108108,182,-0.005464481,182,-1,-0.5,4117
20161128,181.5,-0.005479452,184,0.002724796,181.5,-0.002747253,184,2,2.5,6548
20161129,183.5,0.011019284,185,0.005434783,182,0.002754821,182,-2,-1.5,6259
20161130,181.5,-0.010899183,183,-0.010810811,181.5,-0.002747253,183,1,1.5,5767
20161201,182,0.002754821,183,0,181.5,0,183,0,1,6514
20161202,179,-0.016483516,179.5,-0.019125683,178,-0.019283747,178,-5,-1,21618
20161205,178,-0.005586592,180,0.002785515,178,0,179,1,1,10198
20161206,181,0.016853933,183,0.016666667,180.5,0.014044944,182,3,1,10430
20161207,183,0.011049724,183.5,0.00273224,181.5,0.005540166,181.5,-0.5,-1.5,5127
20161208,184,0.005464481,185.5,0.010899183,183,0.008264463,185.5,4,1.5,11258
20161209,186,0.010869565,186,0.002695418,184.5,0.008196721,186,0.5,0,8116
20161212,186,0,187,0.005376344,184,-0.002710027,185,-1,-1,6853
20161213,186.5,0.002688172,186.5,-0.002673797,184.5,0.002717391,186,1,-0.5,7561
20161214,186.5,0,187.5,0.00536193,185.5,0.005420054,187.5,1.5,1,6485
20161215,185,-0.008042895,187.5,0,184.5,-0.005390836,187,-0.5,2,6135
20161216,185.5,0.002702703,187,-0.002666667,185,0.002710027,185,-2,-0.5,7994
20161219,184,-0.008086253,184.5,-0.013368984,182.5,-0.013513514,182.5,-2.5,-1.5,7956
20161220,181,-0.016304348,182.5,-0.010840108,180,-0.01369863,182.5,0,1.5,10223
20161221,181,0,182,-0.002739726,180,0,180,-2.5,-1,11377
20161222,180,-0.005524862,180.5,-0.008241758,179,-0.005555556,179,-1,-1,10768
20161223,179,-0.005555556,180,-0.002770083,178.5,-0.002793296,178.5,-0.5,-0.5,9298
20161226,179,0,180,0,179,0.00280112,179.5,1,0.5,3404
20161227,180,0.005586592,180.5,0.002777778,179.5,0.002793296,180,0.5,0,4246
20161228,181,0.005555556,182,0.008310249,180.5,0.005571031,182,2,1,7026
20161229,180,-0.005524862,181.5,-0.002747253,180,-0.002770083,180,-2,0,10947
20161230,181,0.005555556,182.5,0.005509642,180,0,181.5,1.5,0.5,11638
20170103,181.5,0.002762431,183.5,0.005479452,181,0.005555556,183,1.5,1.5,8743
20170104,183,0.008264463,184,0.002724796,181.5,0.002762431,183,0,0,8476
20170105,182,-0.005464481,183.5,-0.002717391,181.5,0,183.5,0.5,1.5,8297
20170106,184,0.010989011,184.5,0.005449591,183.5,0.011019284,184,0.5,0,9659
20170109,184,0,185,0.002710027,183,-0.002724796,184,0,0,5759
20170110,184.5,0.002717391,185.5,0.002702703,183.5,0.00273224,184,0,-0.5,7831
20170111,185,0.002710027,185,-0.002695418,181.5,-0.010899183,182,-2,-3,10509
20170112,182.5,-0.013513514,185.5,0.002702703,182.5,0.005509642,184.5,2.5,2,13220
20170113,180.5,-0.010958904,182.5,-0.016172507,180.5,-0.010958904,181.5,-3,1,16366
20170116,180,-0.002770083,180.5,-0.010958904,179,-0.008310249,179.5,-2,-0.5,13441
20170117,180.5,0.002777778,181,0.002770083,179.5,0.002793296,181,1.5,0.5,5771
20170118,180.5,0,181,0,179.5,0,181,0,0.5,7783
20170119,179.5,-0.005540166,181,0,179.5,0,180.5,-0.5,1,8400
20170120,181,0.008356546,181.5,0.002762431,180.5,0.005571031,181,0.5,0,7803
20170123,182.5,0.008287293,185,0.019283747,182.5,0.011080332,185,4,2.5,13560
20170124,185,0.01369863,186.5,0.008108108,184.5,0.010958904,185.5,0.5,0.5,14227
20170202,188,0.016216216,188.5,0.010723861,184,-0.002710027,184.5,-1,-3.5,21047
20170203,186,-0.010638298,186,-0.013262599,183.5,-0.002717391,184.5,0,-1.5,8079
20170206,184.5,-0.008064516,185.5,-0.002688172,184,0.002724796,184.5,0,0,8330
20170207,183.5,-0.005420054,185,-0.002695418,183,-0.005434783,184.5,0,1,8712
20170208,183.5,0,184.5,-0.002702703,183,0,183.5,-1,0,8245
20170209,184,0.002724796,185.5,0.005420054,183.5,0.00273224,184,0.5,0,6639
20170210,184.5,0.002717391,185.5,0,184,0.002724796,185.5,1.5,1,9566
20170213,186.5,0.010840108,188,0.013477089,186.5,0.013586957,187.5,2,1,10124
20170214,189,0.013404826,190,0.010638298,187.5,0.00536193,187.5,0,-1.5,11413
20170215,187,-0.010582011,189.5,-0.002631579,186.5,-0.005333333,189,1.5,2,12905
20170216,190,0.016042781,190.5,0.005277045,188,0.008042895,189,0,-1,9035
20170217,190,0,190.5,0,189,0.005319149,189.5,0.5,-0.5,7390
20170218,190,0,190.5,0,189.5,0.002645503,189.5,0,-0.5,1771
20170220,190,0,190.5,0,189.5,0,190,0.5,0,6466
20170221,190,0,190,-0.002624672,188.5,-0.005277045,190,0,0,8646
20170222,190.5,0.002631579,191,0.005263158,188.5,0,188.5,-1.5,-2,6199
20170223,188,-0.01312336,189.5,-0.007853403,187,-0.00795756,188.5,0,0.5,7885
20170224,187.5,-0.002659574,190.5,0.005277045,187.5,0.002673797,189,0.5,1.5,7417
20170301,188.5,0.005333333,188.5,-0.010498688,186,-0.008,186,-3,-2.5,12019
20170302,188,-0.00265252,188.5,0,185,-0.005376344,186,0,-2,12567
20170303,184.5,-0.018617021,185,-0.018567639,184,-0.005405405,184,-2,-0.5,11570
20170306,184,-0.002710027,184.5,-0.002702703,183.5,-0.002717391,183.5,-0.5,-0.5,5831
20170307,184,0,185.5,0.005420054,184,0.002724796,185.5,2,1.5,5824
20170308,186,0.010869565,188,0.013477089,185.5,0.008152174,187,1.5,1,9614
20170309,185.5,-0.002688172,186,-0.010638298,184,-0.008086253,184.5,-2.5,-1,12394
20170310,184,-0.008086253,184.5,-0.008064516,183,-0.005434783,183.5,-1,-0.5,10065
20170313,185,0.005434783,186.5,0.010840108,185,0.010928962,186.5,3,1.5,4141
20170314,188,0.016216216,188,0.008042895,186,0.005405405,186,-0.5,-2,7773
20170315,185.5,-0.013297872,187,-0.005319149,185.5,-0.002688172,186.5,0.5,1,4952
20170316,188,0.013477089,190,0.016042781,188,0.013477089,190,3.5,2,15071
20170317,189.5,0.007978723,191.5,0.007894737,189,0.005319149,191.5,1.5,2,10731
20170320,191.5,0.01055409,191.5,0,189.5,0.002645503,191.5,0,0,6790
20170321,192,0.002610966,195,0.018276762,191.5,0.01055409,195,3.5,3,13192
20170322,192.5,0.002604167,193.5,-0.007692308,191.5,0,193.5,-1.5,1,9435
20170323,192,-0.002597403,193.5,0,192,0.002610966,193.5,0,1.5,6052
20170324,192,0,193,-0.002583979,192,0,192.5,-1,0.5,5225
20170327,194.5,0.013020833,194.5,0.007772021,192,0,193,0.5,-1.5,6963
20170328,195,0.002570694,195,0.002570694,192.5,0.002604167,194.5,1.5,-0.5,9380
20170329,194.5,-0.002564103,194.5,-0.002564103,191,-0.007792208,191.5,-3,-3,11340
20170330,192.5,-0.010282776,193,-0.007712082,190.5,-0.002617801,191.5,0,-1,9900
20170331,191,-0.007792208,192,-0.005181347,189,-0.007874016,189,-2.5,-2,10225
20170405,189.5,-0.007853403,193,0.005208333,189.5,0.002645503,193,4,3.5,14224
20170406,193,0.018469657,193,0,191,0.007915567,191.5,-1.5,-1.5,6309
20170407,192,-0.005181347,192,-0.005181347,188.5,-0.013089005,191,-0.5,-1,7861
20170410,191,-0.005208333,191.5,-0.002604167,189.5,0.00530504,190,-1,-1,6803
20170411,190,-0.005235602,191,-0.002610966,189,-0.002638522,191,1,1,3348
20170412,190.5,0.002631579,191.5,0.002617801,190,0.005291005,191,0,0.5,5778
20170413,189.5,-0.005249344,192,0.002610966,189.5,-0.002631579,191.5,0.5,2,5705
20170414,189.5,0,189.5,-0.013020833,188,-0.007915567,189,-2.5,-0.5,12442
20170417,189,-0.002638522,189,-0.002638522,187.5,-0.002659574,187.5,-1.5,-1.5,7470
20170418,188,-0.005291005,189.5,0.002645503,187.5,0,188,0.5,0,6174
20170419,187.5,-0.002659574,187.5,-0.01055409,186.5,-0.005333333,186.5,-1.5,-1,9427
20170420,186.5,-0.005333333,188,0.002666667,186.5,0,187,0.5,0.5,6751
20170421,187.5,0.00536193,190,0.010638298,187.5,0.00536193,190,3,2.5,6966
20170424,191,0.018666667,191.5,0.007894737,188.5,0.005333333,190,0,-1,5428
20170425,190.5,-0.002617801,192,0.002610966,189.5,0.00530504,192,2,1.5,10510
20170426,192,0.007874016,192,0,190.5,0.005277045,191,-1,-1,10342
20170427,192,0,193,0.005208333,190.5,0,193,2,1,9859
20170428,193.5,0.0078125,194.5,0.007772021,193,0.01312336,194.5,1.5,1,11671
20170502,198.5,0.025839793,199,0.023136247,195.5,0.012953368,196.5,2,-2,15718
20170503,198,-0.002518892,198.5,-0.002512563,197,0.007672634,198,1.5,0,9259
20170504,198.5,0.002525253,199,0.002518892,197,0,198,0,-0.5,8787
20170505,197,-0.007556675,198.5,-0.002512563,197,0,197.5,-0.5,0.5,6078
20170508,199,0.010152284,202.5,0.020151134,199,0.010152284,202.5,5,3.5,15190
20170509,205.5,0.032663317,207,0.022222222,203.5,0.022613065,203.5,1,-2,15467
20170510,204,-0.00729927,206,-0.004830918,204,0.002457002,205.5,2,1.5,11094
20170511,204.5,0.00245098,208.5,0.012135922,204,0,207.5,2,3,16478
20170512,205,0.002444988,207,-0.007194245,205,0.004901961,206,-1.5,1,7515
20170515,204,-0.004878049,206,-0.004830918,204,-0.004878049,206,0,2,8141
20170516,205,0.004901961,205,-0.004854369,203.5,-0.00245098,204.5,-1.5,-0.5,11066
20170517,203,-0.009756098,204,-0.004878049,203,-0.002457002,204,-0.5,1,9323
20170518,202.5,-0.002463054,204,0,201.5,-0.007389163,203.5,-0.5,1,6983
20170519,203.5,0.004938272,204.5,0.00245098,202.5,0.004962779,203,-0.5,-0.5,6014
20170522,203.5,0,205,0.002444988,203,0.002469136,205,2,1.5,5278
20170523,205,0.007371007,207,0.009756098,204.5,0.007389163,205,0,0,7003
20170524,205,0,206,-0.004830918,205,0.002444988,205.5,0.5,0.5,5141
20170525,206,0.004878049,207,0.004854369,205.5,0.002439024,207,1.5,1,7406
20170526,205,-0.004854369,207,0,205,-0.00243309,207,0,2,8059
20170531,206.5,0.007317073,207,0,203,-0.009756098,203,-4,-3.5,11757
20170601,205,-0.007263923,207,0,204.5,0.007389163,207,4,2,6374
20170602,208.5,0.017073171,209,0.009661836,207.5,0.014669927,209,2,0.5,7429
20170603,209,0.002398082,209,0,208,0.002409639,209,0,0,1078
20170605,209.5,0.002392344,212,0.014354067,209,0.004807692,212,3,2.5,8931
20170606,210.5,0.00477327,211.5,-0.002358491,210.5,0.007177033,210.5,-1.5,0,5541
20170607,212,0.007125891,212.5,0.004728132,210,-0.002375297,211.5,1,-0.5,8034
20170608,212,0,213,0.002352941,211.5,0.007142857,213,1.5,1,7926
20170609,214.5,0.011792453,215,0.009389671,212,0.002364066,212,-1,-2.5,10657
20170612,207,-0.034965035,210,-0.023255814,207,-0.023584906,207.5,-4.5,0.5,22473
20170613,207,0,208.5,-0.007142857,206.5,-0.002415459,208,0.5,1,13236
20170614,208.5,0.007246377,209.5,0.004796163,206,-0.002421308,207,-1,-1.5,11304
20170615,207.5,-0.004796163,208,-0.007159905,207,0.004854369,208,1,0.5,6497
20170616,207.5,0,212,0.019230769,207,0,211.5,3.5,4,9683
20170619,211,0.01686747,213,0.004716981,210.5,0.016908213,213,1.5,2,5658
20170620,215,0.018957346,218,0.023474178,214.5,0.019002375,216.5,3.5,1.5,9135
20170621,216,0.004651163,217,-0.004587156,214.5,0,215.5,-1,-0.5,12233
20170622,217,0.00462963,218,0.004608295,216.5,0.009324009,218,2.5,1,7559
20170623,218,0.004608295,218.5,0.002293578,217,0.002309469,217,-1,-1,14539
20170626,212,-0.027522936,215,-0.016018307,212,-0.023041475,215,-2,3,20653
20170627,214,0.009433962,214,-0.004651163,211,-0.004716981,211.5,-3.5,-2.5,17122
20170628,209.5,-0.021028037,210,-0.018691589,208,-0.014218009,208.5,-3,-1,15953
20170629,210.5,0.00477327,210.5,0.002380952,208.5,0.002403846,210,1.5,-0.5,8431
20170630,206.5,-0.019002375,208.5,-0.009501188,206.5,-0.009592326,208.5,-1.5,2,9805
20170703,207.5,0.004842615,209,0.002398082,207,0.002421308,209,0.5,1.5,7037
20170704,208,0.002409639,208.5,-0.002392344,207,0,207,-2,-1,8990
20170705,207,-0.004807692,208.5,0,206.5,-0.002415459,208.5,1.5,1.5,7278
20170706,208,0.004830918,208.5,0,207,0.002421308,207.5,-1,-0.5,4473
20170707,207,-0.004807692,207.5,-0.004796163,205.5,-0.007246377,206,-1.5,-1,8234
20170710,206.5,-0.002415459,207,-0.002409639,206,0.00243309,206,0,-0.5,5812
20170711,208,0.007263923,212,0.024154589,207.5,0.007281553,212,6,4,11217
20170712,211,0.014423077,212.5,0.002358491,210.5,0.014457831,210.5,-1.5,-0.5,9582
20170713,212,0.004739336,216,0.016470588,211.5,0.004750594,214.5,4,2.5,16903
20170714,213,0.004716981,214.5,-0.006944444,212,0.002364066,213,-1.5,0,9330
20170717,215,0.009389671,215.5,0.004662005,211.5,-0.002358491,213,0,-2,8537
20170718,213,-0.009302326,214,-0.006960557,212,0.002364066,214,1,1,8905
20170719,212.5,-0.002347418,215,0.004672897,212.5,0.002358491,214.5,0.5,2,11699
20170720,215,0.011764706,215.5,0.002325581,214,0.007058824,215.5,1,0.5,8261
20170721,214,-0.004651163,215,-0.002320186,213.5,-0.002336449,214,-1.5,0,7558
20170724,213.5,-0.002336449,214.5,-0.002325581,213,-0.00234192,214.5,0.5,1,6805
20170725,214,0.00234192,214.5,0,213.5,0.002347418,214,-0.5,0,4836
20170726,215,0.004672897,215,0.002331002,212.5,-0.004683841,213,-1,-2,5219
20170727,213.5,-0.006976744,216,0.004651163,213.5,0.004705882,215.5,2.5,2,9138
20170728,213,-0.00234192,214,-0.009259259,212.5,-0.004683841,213,-2.5,0,7997
20170731,211.5,-0.007042254,214.5,0.002336449,211.5,-0.004705882,214.5,1.5,3,6039
20170801,212.5,0.004728132,214,-0.002331002,212,0.002364066,212,-2.5,-0.5,7318
20170802,214,0.007058824,216,0.009345794,214,0.009433962,216,4,2,11028
20170803,213,-0.004672897,214,-0.009259259,212.5,-0.007009346,213.5,-2.5,0.5,7041
20170804,213.5,0.002347418,214,0,212.5,0,213,-0.5,-0.5,5240
20170807,213.5,0,216.5,0.011682243,213.5,0.004705882,216,3,2.5,7115
20170808,217.5,0.018735363,219,0.011547344,216,0.011709602,217.5,1.5,0,8404
20170809,215,-0.011494253,215.5,-0.015981735,213.5,-0.011574074,214.5,-3,-0.5,9826
20170810,215.5,0.002325581,215.5,0,212.5,-0.004683841,214,-0.5,-1.5,8227
20170811,211,-0.020881671,213.5,-0.009280742,210.5,-0.009411765,212.5,-1.5,1.5,13751
20170814,213.5,0.011848341,214,0.00234192,210,-0.002375297,211,-1.5,-2.5,7719
20170815,213,-0.00234192,214.5,0.002336449,213,0.014285714,214,3,1,5250
20170816,214.5,0.007042254,214.5,0,211,-0.009389671,213,-1,-1.5,8610
20170817,213.5,-0.004662005,214,-0.002331002,213,0.009478673,214,1,0.5,3120
